[2026-08-09 22:12:29] local.ERROR: Vite manifest not found at: C:\Users\Gergs\Documents\Codex\2026-08-10\5-5\work\hardware-components-main\hardware-components-main\public\build/manifest.json (View: C:\Users\Gergs\Documents\Codex\2026-08-10\5-5\work\hardware-components-main\hardware-components-main\resources\views\components\layout\layout.blade.php) (View: C:\Users\Gergs\Documents\Codex\2026-08-10\5-5\work\hardware-components-main\hardware-components-main\resources\views\components\layout\layout.blade.php) {"exception":"[object] (Illuminate\\View\\ViewException(code: 0): Vite manifest not found at: C:\\Users\\Gergs\\Documents\\Codex\\2026-08-10\\5-5\\work\\hardware-components-main\\hardware-components-main\\public\\build/manifest.json (View: C:\\Users\\Gergs\\Documents\\Codex\\2026-08-10\\5-5\\work\\hardware-components-main\\hardware-components-main\\resources\\views\\components\\layout\\layout.blade.php) (View: C:\\Users\\Gergs\\Documents\\Codex\\2026-08-10\\5-5\\work\\hardware-components-main\\hardware-components-main\\resources\\views\\components\\layout\\layout.blade.php) at C:/Users/Gergs/Documents/Codex/2026-08-10/5-5/work/hardware-components-main/hardware-components-main/vendor/laravel/framework/src/Illuminate/Foundation/Vite.php:946)
[stacktrace]
#0 C:/Users/Gergs/Documents/Codex/2026-08-10/5-5/work/hardware-components-main/hardware-components-main/vendor/laravel/framework/src/Illuminate/View/Engines/PhpEngine.php(59): Illuminate/View/Engines/CompilerEngine->handleViewException(Object(Illuminate/View/ViewException), 1)
#1 C:/Users/Gergs/Documents/Codex/2026-08-10/5-5/work/hardware-components-main/hardware-components-main/vendor/laravel/framework/src/Illuminate/View/Engines/CompilerEngine.php(76): Illuminate/View/Engines/PhpEngine->evaluatePath('C://Users//Gergs//...', Array)
#2 C:/Users/Gergs/Documents/Codex/2026-08-10/5-5/work/hardware-components-main/hardware-components-main/vendor/laravel/framework/src/Illuminate/View/View.php(208): Illuminate/View/Engines/CompilerEngine->get('C://Users//Gergs//...', Array)
#3 C:/Users/Gergs/Documents/Codex/2026-08-10/5-5/work/hardware-components-main/hardware-components-main/vendor/laravel/framework/src/Illuminate/View/View.php(191): Illuminate/View/View->getContents()
#4 C:/Users/Gergs/Documents/Codex/2026-08-10/5-5/work/hardware-components-main/hardware-components-main/vendor/laravel/framework/src/Illuminate/View/View.php(160): Illuminate/View/View->renderContents()
#5 C:/Users/Gergs/Documents/Codex/2026-08-10/5-5/work/hardware-components-main/hardware-components-main/vendor/laravel/framework/src/Illuminate/Http/Response.php(78): Illuminate/View/View->render()
#6 C:/Users/Gergs/Documents/Codex/2026-08-10/5-5/work/hardware-components-main/hardware-components-main/vendor/laravel/framework/src/Illuminate/Http/Response.php(34): Illuminate/Http/Response->setContent(Object(Illuminate/View/View))
#7 C:/Users/Gergs/Documents/Codex/2026-08-10/5-5/work/hardware-components-main/hardware-components-main/vendor/laravel/framework/src/Illuminate/Routing/Router.php(939): Illuminate/Http/Response->__construct(Object(Illuminate/View/View), 200, Array)
#8 C:/Users/Gergs/Documents/Codex/2026-08-10/5-5/work/hardware-components-main/hardware-components-main/vendor/laravel/framework/src/Illuminate/Routing/Router.php(906): Illuminate/Routing/Router::toResponse(Object(Illuminate/Http/Request), Object(Illuminate/View/View))
#9 C:/Users/Gergs/Documents/Codex/2026-08-10/5-5/work/hardware-components-main/hardware-components-main/vendor/laravel/framework/src/Illuminate/Routing/Router.php(821): Illuminate/Routing/Router->prepareResponse(Object(Illuminate/Http/Request), Object(Illuminate/View/View))
#10 C:/Users/Gergs/Documents/Codex/2026-08-10/5-5/work/hardware-components-main/hardware-components-main/vendor/laravel/framework/src/Illuminate/Pipeline/Pipeline.php(180): Illuminate/Routing/Router->Illuminate/Routing/{closure}(Object(Illuminate/Http/Request))
#11 C:/Users/Gergs/Documents/Codex/2026-08-10/5-5/work/hardware-components-main/hardware-components-main/vendor/laravel/framework/src/Illuminate/Routing/Middleware/SubstituteBindings.php(50): Illuminate/Pipeline/Pipeline->Illuminate/Pipeline/{closure}(Object(Illuminate/Http/Request))
#12 C:/Users/Gergs/Documents/Codex/2026-08-10/5-5/work/hardware-components-main/hardware-components-main/vendor/laravel/framework/src/Illuminate/Pipeline/Pipeline.php(219): Illuminate/Routing/Middleware/SubstituteBindings->handle(Object(Illuminate/Http/Request), Object(Closure))
#13 C:/Users/Gergs/Documents/Codex/2026-08-10/5-5/work/hardware-components-main/hardware-components-main/vendor/laravel/framework/src/Illuminate/Foundation/Http/Middleware/VerifyCsrfToken.php(87): Illuminate/Pipeline/Pipeline->Illuminate/Pipeline/{closure}(Object(Illuminate/Http/Request))
#14 C:/Users/Gergs/Documents/Codex/2026-08-10/5-5/work/hardware-components-main/hardware-components-main/vendor/laravel/framework/src/Illuminate/Pipeline/Pipeline.php(219): Illuminate/Foundation/Http/Middleware/VerifyCsrfToken->handle(Object(Illuminate/Http/Request), Object(Closure))
#15 C:/Users/Gergs/Documents/Codex/2026-08-10/5-5/work/hardware-components-main/hardware-components-main/vendor/laravel/framework/src/Illuminate/View/Middleware/ShareErrorsFromSession.php(48): Illuminate/Pipeline/Pipeline->Illuminate/Pipeline/{closure}(Object(Illuminate/Http/Request))
#16 C:/Users/Gergs/Documents/Codex/2026-08-10/5-5/work/hardware-components-main/hardware-components-main/vendor/laravel/framework/src/Illuminate/Pipeline/Pipeline.php(219): Illuminate/View/Middleware/ShareErrorsFromSession->handle(Object(Illuminate/Http/Request), Object(Closure))
#17 C:/Users/Gergs/Documents/Codex/2026-08-10/5-5/work/hardware-components-main/hardware-components-main/vendor/laravel/framework/src/Illuminate/Session/Middleware/StartSession.php(120): Illuminate/Pipeline/Pipeline->Illuminate/Pipeline/{closure}(Object(Illuminate/Http/Request))
#18 C:/Users/Gergs/Documents/Codex/2026-08-10/5-5/work/hardware-components-main/hardware-components-main/vendor/laravel/framework/src/Illuminate/Session/Middleware/StartSession.php(63): Illuminate/Session/Middleware/StartSession->handleStatefulRequest(Object(Illuminate/Http/Request), Object(Illuminate/Session/Store), Object(Closure))
#19 C:/Users/Gergs/Documents/Codex/2026-08-10/5-5/work/hardware-components-main/hardware-components-main/vendor/laravel/framework/src/Illuminate/Pipeline/Pipeline.php(219): Illuminate/Session/Middleware/StartSession->handle(Object(Illuminate/Http/Request), Object(Closure))
#20 C:/Users/Gergs/Documents/Codex/2026-08-10/5-5/work/hardware-components-main/hardware-components-main/vendor/laravel/framework/src/Illuminate/Cookie/Middleware/AddQueuedCookiesToResponse.php(36): Illuminate/Pipeline/Pipeline->Illuminate/Pipeline/{closure}(Object(Illuminate/Http/Request))
#21 C:/Users/Gergs/Documents/Codex/2026-08-10/5-5/work/hardware-components-main/hardware-components-main/vendor/laravel/framework/src/Illuminate/Pipeline/Pipeline.php(219): Illuminate/Cookie/Middleware/AddQueuedCookiesToResponse->handle(Object(Illuminate/Http/Request), Object(Closure))
#22 C:/Users/Gergs/Documents/Codex/2026-08-10/5-5/work/hardware-components-main/hardware-components-main/vendor/laravel/framework/src/Illuminate/Cookie/Middleware/EncryptCookies.php(74): Illuminate/Pipeline/Pipeline->Illuminate/Pipeline/{closure}(Object(Illuminate/Http/Request))
#23 C:/Users/Gergs/Documents/Codex/2026-08-10/5-5/work/hardware-components-main/hardware-components-main/vendor/laravel/framework/src/Illuminate/Pipeline/Pipeline.php(219): Illuminate/Cookie/Middleware/EncryptCookies->handle(Object(Illuminate/Http/Request), Object(Closure))
#24 C:/Users/Gergs/Documents/Codex/2026-08-10/5-5/work/hardware-components-main/hardware-components-main/vendor/laravel/framework/src/Illuminate/Pipeline/Pipeline.php(137): Illuminate/Pipeline/Pipeline->Illuminate/Pipeline/{closure}(Object(Illuminate/Http/Request))
#25 C:/Users/Gergs/Documents/Codex/2026-08-10/5-5/work/hardware-components-main/hardware-components-main/vendor/laravel/framework/src/Illuminate/Routing/Router.php(821): Illuminate/Pipeline/Pipeline->then(Object(Closure))
#26 C:/Users/Gergs/Documents/Codex/2026-08-10/5-5/work/hardware-components-main/hardware-components-main/vendor/laravel/framework/src/Illuminate/Routing/Router.php(800): Illuminate/Routing/Router->runRouteWithinStack(Object(Illuminate/Routing/Route), Object(Illuminate/Http/Request))
#27 C:/Users/Gergs/Documents/Codex/2026-08-10/5-5/work/hardware-components-main/hardware-components-main/vendor/laravel/framework/src/Illuminate/Routing/Router.php(764): Illuminate/Routing/Router->runRoute(Object(Illuminate/Http/Request), Object(Illuminate/Routing/Route))
#28 C:/Users/Gergs/Documents/Codex/2026-08-10/5-5/work/hardware-components-main/hardware-components-main/vendor/laravel/framework/src/Illuminate/Routing/Router.php(753): Illuminate/Routing/Router->dispatchToRoute(Object(Illuminate/Http/Request))
#29 C:/Users/Gergs/Documents/Codex/2026-08-10/5-5/work/hardware-components-main/hardware-components-main/vendor/laravel/framework/src/Illuminate/Foundation/Http/Kernel.php(200): Illuminate/Routing/Router->dispatch(Object(Illuminate/Http/Request))
#30 C:/Users/Gergs/Documents/Codex/2026-08-10/5-5/work/hardware-components-main/hardware-components-main/vendor/laravel/framework/src/Illuminate/Pipeline/Pipeline.php(180): Illuminate/Foundation/Http/Kernel->Illuminate/Foundation/Http/{closure}(Object(Illuminate/Http/Request))
#31 C:/Users/Gergs/Documents/Codex/2026-08-10/5-5/work/hardware-components-main/hardware-components-main/vendor/laravel/framework/src/Illuminate/Foundation/Http/Middleware/TransformsRequest.php(21): Illuminate/Pipeline/Pipeline->Illuminate/Pipeline/{closure}(Object(Illuminate/Http/Request))
#32 C:/Users/Gergs/Documents/Codex/2026-08-10/5-5/work/hardware-components-main/hardware-components-main/vendor/laravel/framework/src/Illuminate/Foundation/Http/Middleware/ConvertEmptyStringsToNull.php(31): Illuminate/Foundation/Http/Middleware/TransformsRequest->handle(Object(Illuminate/Http/Request), Object(Closure))
#33 C:/Users/Gergs/Documents/Codex/2026-08-10/5-5/work/hardware-components-main/hardware-components-main/vendor/laravel/framework/src/Illuminate/Pipeline/Pipeline.php(219): Illuminate/Foundation/Http/Middleware/ConvertEmptyStringsToNull->handle(Object(Illuminate/Http/Request), Object(Closure))
#34 C:/Users/Gergs/Documents/Codex/2026-08-10/5-5/work/hardware-components-main/hardware-components-main/vendor/laravel/framework/src/Illuminate/Foundation/Http/Middleware/TransformsRequest.php(21): Illuminate/Pipeline/Pipeline->Illuminate/Pipeline/{closure}(Object(Illuminate/Http/Request))
#35 C:/Users/Gergs/Documents/Codex/2026-08-10/5-5/work/hardware-components-main/hardware-components-main/vendor/laravel/framework/src/Illuminate/Foundation/Http/Middleware/TrimStrings.php(51): Illuminate/Foundation/Http/Middleware/TransformsRequest->handle(Object(Illuminate/Http/Request), Object(Closure))
#36 C:/Users/Gergs/Documents/Codex/2026-08-10/5-5/work/hardware-components-main/hardware-components-main/vendor/laravel/framework/src/Illuminate/Pipeline/Pipeline.php(219): Illuminate/Foundation/Http/Middleware/TrimStrings->handle(Object(Illuminate/Http/Request), Object(Closure))
#37 C:/Users/Gergs/Documents/Codex/2026-08-10/5-5/work/hardware-components-main/hardware-components-main/vendor/laravel/framework/src/Illuminate/Http/Middleware/ValidatePostSize.php(27): Illuminate/Pipeline/Pipeline->Illuminate/Pipeline/{closure}(Object(Illuminate/Http/Request))
#38 C:/Users/Gergs/Documents/Codex/2026-08-10/5-5/work/hardware-components-main/hardware-components-main/vendor/laravel/framework/src/Illuminate/Pipeline/Pipeline.php(219): Illuminate/Http/Middleware/ValidatePostSize->handle(Object(Illuminate/Http/Request), Object(Closure))
#39 C:/Users/Gergs/Documents/Codex/2026-08-10/5-5/work/hardware-components-main/hardware-components-main/vendor/laravel/framework/src/Illuminate/Foundation/Http/Middleware/PreventRequestsDuringMaintenance.php(109): Illuminate/Pipeline/Pipeline->Illuminate/Pipeline/{closure}(Object(Illuminate/Http/Request))
#40 C:/Users/Gergs/Documents/Codex/2026-08-10/5-5/work/hardware-components-main/hardware-components-main/vendor/laravel/framework/src/Illuminate/Pipeline/Pipeline.php(219): Illuminate/Foundation/Http/Middleware/PreventRequestsDuringMaintenance->handle(Object(Illuminate/Http/Request), Object(Closure))
#41 C:/Users/Gergs/Documents/Codex/2026-08-10/5-5/work/hardware-components-main/hardware-components-main/vendor/laravel/framework/src/Illuminate/Http/Middleware/HandleCors.php(61): Illuminate/Pipeline/Pipeline->Illuminate/Pipeline/{closure}(Object(Illuminate/Http/Request))
#42 C:/Users/Gergs/Documents/Codex/2026-08-10/5-5/work/hardware-components-main/hardware-components-main/vendor/laravel/framework/src/Illuminate/Pipeline/Pipeline.php(219): Illuminate/Http/Middleware/HandleCors->handle(Object(Illuminate/Http/Request), Object(Closure))
#43 C:/Users/Gergs/Documents/Codex/2026-08-10/5-5/work/hardware-components-main/hardware-components-main/vendor/laravel/framework/src/Illuminate/Http/Middleware/TrustProxies.php(58): Illuminate/Pipeline/Pipeline->Illuminate/Pipeline/{closure}(Object(Illuminate/Http/Request))
#44 C:/Users/Gergs/Documents/Codex/2026-08-10/5-5/work/hardware-components-main/hardware-components-main/vendor/laravel/framework/src/Illuminate/Pipeline/Pipeline.php(219): Illuminate/Http/Middleware/TrustProxies->handle(Object(Illuminate/Http/Request), Object(Closure))
#45 C:/Users/Gergs/Documents/Codex/2026-08-10/5-5/work/hardware-components-main/hardware-components-main/vendor/laravel/framework/src/Illuminate/Foundation/Http/Middleware/InvokeDeferredCallbacks.php(22): Illuminate/Pipeline/Pipeline->Illuminate/Pipeline/{closure}(Object(Illuminate/Http/Request))
#46 C:/Users/Gergs/Documents/Codex/2026-08-10/5-5/work/hardware-components-main/hardware-components-main/vendor/laravel/framework/src/Illuminate/Pipeline/Pipeline.php(219): Illuminate/Foundation/Http/Middleware/InvokeDeferredCallbacks->handle(Object(Illuminate/Http/Request), Object(Closure))
#47 C:/Users/Gergs/Documents/Codex/2026-08-10/5-5/work/hardware-components-main/hardware-components-main/vendor/laravel/framework/src/Illuminate/Http/Middleware/ValidatePathEncoding.php(26): Illuminate/Pipeline/Pipeline->Illuminate/Pipeline/{closure}(Object(Illuminate/Http/Request))
#48 C:/Users/Gergs/Documents/Codex/2026-08-10/5-5/work/hardware-components-main/hardware-components-main/vendor/laravel/framework/src/Illuminate/Pipeline/Pipeline.php(219): Illuminate/Http/Middleware/ValidatePathEncoding->handle(Object(Illuminate/Http/Request), Object(Closure))
#49 C:/Users/Gergs/Documents/Codex/2026-08-10/5-5/work/hardware-components-main/hardware-components-main/vendor/laravel/framework/src/Illuminate/Pipeline/Pipeline.php(137): Illuminate/Pipeline/Pipeline->Illuminate/Pipeline/{closure}(Object(Illuminate/Http/Request))
#50 C:/Users/Gergs/Documents/Codex/2026-08-10/5-5/work/hardware-components-main/hardware-components-main/vendor/laravel/framework/src/Illuminate/Foundation/Http/Kernel.php(175): Illuminate/Pipeline/Pipeline->then(Object(Closure))
#51 C:/Users/Gergs/Documents/Codex/2026-08-10/5-5/work/hardware-components-main/hardware-components-main/vendor/laravel/framework/src/Illuminate/Foundation/Http/Kernel.php(144): Illuminate/Foundation/Http/Kernel->sendRequestThroughRouter(Object(Illuminate/Http/Request))
#52 C:/Users/Gergs/Documents/Codex/2026-08-10/5-5/work/hardware-components-main/hardware-components-main/vendor/laravel/framework/src/Illuminate/Foundation/Application.php(1220): Illuminate/Foundation/Http/Kernel->handle(Object(Illuminate/Http/Request))
#53 C:/Users/Gergs/Documents/Codex/2026-08-10/5-5/work/hardware-components-main/hardware-components-main/public/index.php(20): Illuminate/Foundation/Application->handleRequest(Object(Illuminate/Http/Request))
#54 C:/Users/Gergs/Documents/Codex/2026-08-10/5-5/work/hardware-components-main/hardware-components-main/vendor/laravel/framework/src/Illuminate/Foundation/resources/server.php(23): require_once('C://Users//Gergs//...')
#55 {main}

[previous exception] [object] (Illuminate\\View\\ViewException(code: 0): Vite manifest not found at: C:\\Users\\Gergs\\Documents\\Codex\\2026-08-10\\5-5\\work\\hardware-components-main\\hardware-components-main\\public\\build/manifest.json (View: C:\\Users\\Gergs\\Documents\\Codex\\2026-08-10\\5-5\\work\\hardware-components-main\\hardware-components-main\\resources\\views\\components\\layout\\layout.blade.php) at C:/Users/Gergs/Documents/Codex/2026-08-10/5-5/work/hardware-components-main/hardware-components-main/vendor/laravel/framework/src/Illuminate/Foundation/Vite.php:946)
[stacktrace]
#0 C:/Users/Gergs/Documents/Codex/2026-08-10/5-5/work/hardware-components-main/hardware-components-main/vendor/laravel/framework/src/Illuminate/View/Engines/PhpEngine.php(59): Illuminate/View/Engines/CompilerEngine->handleViewException(Object(Illuminate/Foundation/ViteManifestNotFoundException), 2)
#1 C:/Users/Gergs/Documents/Codex/2026-08-10/5-5/work/hardware-components-main/hardware-components-main/vendor/laravel/framework/src/Illuminate/View/Engines/CompilerEngine.php(76): Illuminate/View/Engines/PhpEngine->evaluatePath('C://Users//Gergs//...', Array)
#2 C:/Users/Gergs/Documents/Codex/2026-08-10/5-5/work/hardware-components-main/hardware-components-main/vendor/laravel/framework/src/Illuminate/View/View.php(208): Illuminate/View/Engines/CompilerEngine->get('C://Users//Gergs//...', Array)
#3 C:/Users/Gergs/Documents/Codex/2026-08-10/5-5/work/hardware-components-main/hardware-components-main/vendor/laravel/framework/src/Illuminate/View/View.php(191): Illuminate/View/View->getContents()
#4 C:/Users/Gergs/Documents/Codex/2026-08-10/5-5/work/hardware-components-main/hardware-components-main/vendor/laravel/framework/src/Illuminate/View/View.php(160): Illuminate/View/View->renderContents()
#5 C:/Users/Gergs/Documents/Codex/2026-08-10/5-5/work/hardware-components-main/hardware-components-main/vendor/laravel/framework/src/Illuminate/View/Concerns/ManagesComponents.php(103): Illuminate/View/View->render()
#6 C:/Users/Gergs/Documents/Codex/2026-08-10/5-5/work/hardware-components-main/hardware-components-main/storage/framework/views/440858e632ee4222d04f5f36c9f4b22f.php(28): Illuminate/View/Factory->renderComponent()
#7 C:/Users/Gergs/Documents/Codex/2026-08-10/5-5/work/hardware-components-main/hardware-components-main/vendor/laravel/framework/src/Illuminate/Filesystem/Filesystem.php(123): require('C://Users//Gergs//...')
#8 C:/Users/Gergs/Documents/Codex/2026-08-10/5-5/work/hardware-components-main/hardware-components-main/vendor/laravel/framework/src/Illuminate/Filesystem/Filesystem.php(124): Illuminate/Filesystem/Filesystem::Illuminate/Filesystem/{closure}()
#9 C:/Users/Gergs/Documents/Codex/2026-08-10/5-5/work/hardware-components-main/hardware-components-main/vendor/laravel/framework/src/Illuminate/View/Engines/PhpEngine.php(57): Illuminate/Filesystem/Filesystem->getRequire('C://Users//Gergs//...', Array)
#10 C:/Users/Gergs/Documents/Codex/2026-08-10/5-5/work/hardware-components-main/hardware-components-main/vendor/laravel/framework/src/Illuminate/View/Engines/CompilerEngine.php(76): Illuminate/View/Engines/PhpEngine->evaluatePath('C://Users//Gergs//...', Array)
#11 C:/Users/Gergs/Documents/Codex/2026-08-10/5-5/work/hardware-components-main/hardware-components-main/vendor/laravel/framework/src/Illuminate/View/View.php(208): Illuminate/View/Engines/CompilerEngine->get('C://Users//Gergs//...', Array)
#12 C:/Users/Gergs/Documents/Codex/2026-08-10/5-5/work/hardware-components-main/hardware-components-main/vendor/laravel/framework/src/Illuminate/View/View.php(191): Illuminate/View/View->getContents()
#13 C:/Users/Gergs/Documents/Codex/2026-08-10/5-5/work/hardware-components-main/hardware-components-main/vendor/laravel/framework/src/Illuminate/View/View.php(160): Illuminate/View/View->renderContents()
#14 C:/Users/Gergs/Documents/Codex/2026-08-10/5-5/work/hardware-components-main/hardware-components-main/vendor/laravel/framework/src/Illuminate/Http/Response.php(78): Illuminate/View/View->render()
#15 C:/Users/Gergs/Documents/Codex/2026-08-10/5-5/work/hardware-components-main/hardware-components-main/vendor/laravel/framework/src/Illuminate/Http/Response.php(34): Illuminate/Http/Response->setContent(Object(Illuminate/View/View))
#16 C:/Users/Gergs/Documents/Codex/2026-08-10/5-5/work/hardware-components-main/hardware-components-main/vendor/laravel/framework/src/Illuminate/Routing/Router.php(939): Illuminate/Http/Response->__construct(Object(Illuminate/View/View), 200, Array)
#17 C:/Users/Gergs/Documents/Codex/2026-08-10/5-5/work/hardware-components-main/hardware-components-main/vendor/laravel/framework/src/Illuminate/Routing/Router.php(906): Illuminate/Routing/Router::toResponse(Object(Illuminate/Http/Request), Object(Illuminate/View/View))
#18 C:/Users/Gergs/Documents/Codex/2026-08-10/5-5/work/hardware-components-main/hardware-components-main/vendor/laravel/framework/src/Illuminate/Routing/Router.php(821): Illuminate/Routing/Router->prepareResponse(Object(Illuminate/Http/Request), Object(Illuminate/View/View))
#19 C:/Users/Gergs/Documents/Codex/2026-08-10/5-5/work/hardware-components-main/hardware-components-main/vendor/laravel/framework/src/Illuminate/Pipeline/Pipeline.php(180): Illuminate/Routing/Router->Illuminate/Routing/{closure}(Object(Illuminate/Http/Request))
#20 C:/Users/Gergs/Documents/Codex/2026-08-10/5-5/work/hardware-components-main/hardware-components-main/vendor/laravel/framework/src/Illuminate/Routing/Middleware/SubstituteBindings.php(50): Illuminate/Pipeline/Pipeline->Illuminate/Pipeline/{closure}(Object(Illuminate/Http/Request))
#21 C:/Users/Gergs/Documents/Codex/2026-08-10/5-5/work/hardware-components-main/hardware-components-main/vendor/laravel/framework/src/Illuminate/Pipeline/Pipeline.php(219): Illuminate/Routing/Middleware/SubstituteBindings->handle(Object(Illuminate/Http/Request), Object(Closure))
#22 C:/Users/Gergs/Documents/Codex/2026-08-10/5-5/work/hardware-components-main/hardware-components-main/vendor/laravel/framework/src/Illuminate/Foundation/Http/Middleware/VerifyCsrfToken.php(87): Illuminate/Pipeline/Pipeline->Illuminate/Pipeline/{closure}(Object(Illuminate/Http/Request))
#23 C:/Users/Gergs/Documents/Codex/2026-08-10/5-5/work/hardware-components-main/hardware-components-main/vendor/laravel/framework/src/Illuminate/Pipeline/Pipeline.php(219): Illuminate/Foundation/Http/Middleware/VerifyCsrfToken->handle(Object(Illuminate/Http/Request), Object(Closure))
#24 C:/Users/Gergs/Documents/Codex/2026-08-10/5-5/work/hardware-components-main/hardware-components-main/vendor/laravel/framework/src/Illuminate/View/Middleware/ShareErrorsFromSession.php(48): Illuminate/Pipeline/Pipeline->Illuminate/Pipeline/{closure}(Object(Illuminate/Http/Request))
#25 C:/Users/Gergs/Documents/Codex/2026-08-10/5-5/work/hardware-components-main/hardware-components-main/vendor/laravel/framework/src/Illuminate/Pipeline/Pipeline.php(219): Illuminate/View/Middleware/ShareErrorsFromSession->handle(Object(Illuminate/Http/Request), Object(Closure))
#26 C:/Users/Gergs/Documents/Codex/2026-08-10/5-5/work/hardware-components-main/hardware-components-main/vendor/laravel/framework/src/Illuminate/Session/Middleware/StartSession.php(120): Illuminate/Pipeline/Pipeline->Illuminate/Pipeline/{closure}(Object(Illuminate/Http/Request))
#27 C:/Users/Gergs/Documents/Codex/2026-08-10/5-5/work/hardware-components-main/hardware-components-main/vendor/laravel/framework/src/Illuminate/Session/Middleware/StartSession.php(63): Illuminate/Session/Middleware/StartSession->handleStatefulRequest(Object(Illuminate/Http/Request), Object(Illuminate/Session/Store), Object(Closure))
#28 C:/Users/Gergs/Documents/Codex/2026-08-10/5-5/work/hardware-components-main/hardware-components-main/vendor/laravel/framework/src/Illuminate/Pipeline/Pipeline.php(219): Illuminate/Session/Middleware/StartSession->handle(Object(Illuminate/Http/Request), Object(Closure))
#29 C:/Users/Gergs/Documents/Codex/2026-08-10/5-5/work/hardware-components-main/hardware-components-main/vendor/laravel/framework/src/Illuminate/Cookie/Middleware/AddQueuedCookiesToResponse.php(36): Illuminate/Pipeline/Pipeline->Illuminate/Pipeline/{closure}(Object(Illuminate/Http/Request))
#30 C:/Users/Gergs/Documents/Codex/2026-08-10/5-5/work/hardware-components-main/hardware-components-main/vendor/laravel/framework/src/Illuminate/Pipeline/Pipeline.php(219): Illuminate/Cookie/Middleware/AddQueuedCookiesToResponse->handle(Object(Illuminate/Http/Request), Object(Closure))
#31 C:/Users/Gergs/Documents/Codex/2026-08-10/5-5/work/hardware-components-main/hardware-components-main/vendor/laravel/framework/src/Illuminate/Cookie/Middleware/EncryptCookies.php(74): Illuminate/Pipeline/Pipeline->Illuminate/Pipeline/{closure}(Object(Illuminate/Http/Request))
#32 C:/Users/Gergs/Documents/Codex/2026-08-10/5-5/work/hardware-components-main/hardware-components-main/vendor/laravel/framework/src/Illuminate/Pipeline/Pipeline.php(219): Illuminate/Cookie/Middleware/EncryptCookies->handle(Object(Illuminate/Http/Request), Object(Closure))
#33 C:/Users/Gergs/Documents/Codex/2026-08-10/5-5/work/hardware-components-main/hardware-components-main/vendor/laravel/framework/src/Illuminate/Pipeline/Pipeline.php(137): Illuminate/Pipeline/Pipeline->Illuminate/Pipeline/{closure}(Object(Illuminate/Http/Request))
#34 C:/Users/Gergs/Documents/Codex/2026-08-10/5-5/work/hardware-components-main/hardware-components-main/vendor/laravel/framework/src/Illuminate/Routing/Router.php(821): Illuminate/Pipeline/Pipeline->then(Object(Closure))
#35 C:/Users/Gergs/Documents/Codex/2026-08-10/5-5/work/hardware-components-main/hardware-components-main/vendor/laravel/framework/src/Illuminate/Routing/Router.php(800): Illuminate/Routing/Router->runRouteWithinStack(Object(Illuminate/Routing/Route), Object(Illuminate/Http/Request))
#36 C:/Users/Gergs/Documents/Codex/2026-08-10/5-5/work/hardware-components-main/hardware-components-main/vendor/laravel/framework/src/Illuminate/Routing/Router.php(764): Illuminate/Routing/Router->runRoute(Object(Illuminate/Http/Request), Object(Illuminate/Routing/Route))
#37 C:/Users/Gergs/Documents/Codex/2026-08-10/5-5/work/hardware-components-main/hardware-components-main/vendor/laravel/framework/src/Illuminate/Routing/Router.php(753): Illuminate/Routing/Router->dispatchToRoute(Object(Illuminate/Http/Request))
#38 C:/Users/Gergs/Documents/Codex/2026-08-10/5-5/work/hardware-components-main/hardware-components-main/vendor/laravel/framework/src/Illuminate/Foundation/Http/Kernel.php(200): Illuminate/Routing/Router->dispatch(Object(Illuminate/Http/Request))
#39 C:/Users/Gergs/Documents/Codex/2026-08-10/5-5/work/hardware-components-main/hardware-components-main/vendor/laravel/framework/src/Illuminate/Pipeline/Pipeline.php(180): Illuminate/Foundation/Http/Kernel->Illuminate/Foundation/Http/{closure}(Object(Illuminate/Http/Request))
#40 C:/Users/Gergs/Documents/Codex/2026-08-10/5-5/work/hardware-components-main/hardware-components-main/vendor/laravel/framework/src/Illuminate/Foundation/Http/Middleware/TransformsRequest.php(21): Illuminate/Pipeline/Pipeline->Illuminate/Pipeline/{closure}(Object(Illuminate/Http/Request))
#41 C:/Users/Gergs/Documents/Codex/2026-08-10/5-5/work/hardware-components-main/hardware-components-main/vendor/laravel/framework/src/Illuminate/Foundation/Http/Middleware/ConvertEmptyStringsToNull.php(31): Illuminate/Foundation/Http/Middleware/TransformsRequest->handle(Object(Illuminate/Http/Request), Object(Closure))
#42 C:/Users/Gergs/Documents/Codex/2026-08-10/5-5/work/hardware-components-main/hardware-components-main/vendor/laravel/framework/src/Illuminate/Pipeline/Pipeline.php(219): Illuminate/Foundation/Http/Middleware/ConvertEmptyStringsToNull->handle(Object(Illuminate/Http/Request), Object(Closure))
#43 C:/Users/Gergs/Documents/Codex/2026-08-10/5-5/work/hardware-components-main/hardware-components-main/vendor/laravel/framework/src/Illuminate/Foundation/Http/Middleware/TransformsRequest.php(21): Illuminate/Pipeline/Pipeline->Illuminate/Pipeline/{closure}(Object(Illuminate/Http/Request))
#44 C:/Users/Gergs/Documents/Codex/2026-08-10/5-5/work/hardware-components-main/hardware-components-main/vendor/laravel/framework/src/Illuminate/Foundation/Http/Middleware/TrimStrings.php(51): Illuminate/Foundation/Http/Middleware/TransformsRequest->handle(Object(Illuminate/Http/Request), Object(Closure))
#45 C:/Users/Gergs/Documents/Codex/2026-08-10/5-5/work/hardware-components-main/hardware-components-main/vendor/laravel/framework/src/Illuminate/Pipeline/Pipeline.php(219): Illuminate/Foundation/Http/Middleware/TrimStrings->handle(Object(Illuminate/Http/Request), Object(Closure))
#46 C:/Users/Gergs/Documents/Codex/2026-08-10/5-5/work/hardware-components-main/hardware-components-main/vendor/laravel/framework/src/Illuminate/Http/Middleware/ValidatePostSize.php(27): Illuminate/Pipeline/Pipeline->Illuminate/Pipeline/{closure}(Object(Illuminate/Http/Request))
#47 C:/Users/Gergs/Documents/Codex/2026-08-10/5-5/work/hardware-components-main/hardware-components-main/vendor/laravel/framework/src/Illuminate/Pipeline/Pipeline.php(219): Illuminate/Http/Middleware/ValidatePostSize->handle(Object(Illuminate/Http/Request), Object(Closure))
#48 C:/Users/Gergs/Documents/Codex/2026-08-10/5-5/work/hardware-components-main/hardware-components-main/vendor/laravel/framework/src/Illuminate/Foundation/Http/Middleware/PreventRequestsDuringMaintenance.php(109): Illuminate/Pipeline/Pipeline->Illuminate/Pipeline/{closure}(Object(Illuminate/Http/Request))
#49 C:/Users/Gergs/Documents/Codex/2026-08-10/5-5/work/hardware-components-main/hardware-components-main/vendor/laravel/framework/src/Illuminate/Pipeline/Pipeline.php(219): Illuminate/Foundation/Http/Middleware/PreventRequestsDuringMaintenance->handle(Object(Illuminate/Http/Request), Object(Closure))
#50 C:/Users/Gergs/Documents/Codex/2026-08-10/5-5/work/hardware-components-main/hardware-components-main/vendor/laravel/framework/src/Illuminate/Http/Middleware/HandleCors.php(61): Illuminate/Pipeline/Pipeline->Illuminate/Pipeline/{closure}(Object(Illuminate/Http/Request))
#51 C:/Users/Gergs/Documents/Codex/2026-08-10/5-5/work/hardware-components-main/hardware-components-main/vendor/laravel/framework/src/Illuminate/Pipeline/Pipeline.php(219): Illuminate/Http/Middleware/HandleCors->handle(Object(Illuminate/Http/Request), Object(Closure))
#52 C:/Users/Gergs/Documents/Codex/2026-08-10/5-5/work/hardware-components-main/hardware-components-main/vendor/laravel/framework/src/Illuminate/Http/Middleware/TrustProxies.php(58): Illuminate/Pipeline/Pipeline->Illuminate/Pipeline/{closure}(Object(Illuminate/Http/Request))
#53 C:/Users/Gergs/Documents/Codex/2026-08-10/5-5/work/hardware-components-main/hardware-components-main/vendor/laravel/framework/src/Illuminate/Pipeline/Pipeline.php(219): Illuminate/Http/Middleware/TrustProxies->handle(Object(Illuminate/Http/Request), Object(Closure))
#54 C:/Users/Gergs/Documents/Codex/2026-08-10/5-5/work/hardware-components-main/hardware-components-main/vendor/laravel/framework/src/Illuminate/Foundation/Http/Middleware/InvokeDeferredCallbacks.php(22): Illuminate/Pipeline/Pipeline->Illuminate/Pipeline/{closure}(Object(Illuminate/Http/Request))
#55 C:/Users/Gergs/Documents/Codex/2026-08-10/5-5/work/hardware-components-main/hardware-components-main/vendor/laravel/framework/src/Illuminate/Pipeline/Pipeline.php(219): Illuminate/Foundation/Http/Middleware/InvokeDeferredCallbacks->handle(Object(Illuminate/Http/Request), Object(Closure))
#56 C:/Users/Gergs/Documents/Codex/2026-08-10/5-5/work/hardware-components-main/hardware-components-main/vendor/laravel/framework/src/Illuminate/Http/Middleware/ValidatePathEncoding.php(26): Illuminate/Pipeline/Pipeline->Illuminate/Pipeline/{closure}(Object(Illuminate/Http/Request))
#57 C:/Users/Gergs/Documents/Codex/2026-08-10/5-5/work/hardware-components-main/hardware-components-main/vendor/laravel/framework/src/Illuminate/Pipeline/Pipeline.php(219): Illuminate/Http/Middleware/ValidatePathEncoding->handle(Object(Illuminate/Http/Request), Object(Closure))
#58 C:/Users/Gergs/Documents/Codex/2026-08-10/5-5/work/hardware-components-main/hardware-components-main/vendor/laravel/framework/src/Illuminate/Pipeline/Pipeline.php(137): Illuminate/Pipeline/Pipeline->Illuminate/Pipeline/{closure}(Object(Illuminate/Http/Request))
#59 C:/Users/Gergs/Documents/Codex/2026-08-10/5-5/work/hardware-components-main/hardware-components-main/vendor/laravel/framework/src/Illuminate/Foundation/Http/Kernel.php(175): Illuminate/Pipeline/Pipeline->then(Object(Closure))
#60 C:/Users/Gergs/Documents/Codex/2026-08-10/5-5/work/hardware-components-main/hardware-components-main/vendor/laravel/framework/src/Illuminate/Foundation/Http/Kernel.php(144): Illuminate/Foundation/Http/Kernel->sendRequestThroughRouter(Object(Illuminate/Http/Request))
#61 C:/Users/Gergs/Documents/Codex/2026-08-10/5-5/work/hardware-components-main/hardware-components-main/vendor/laravel/framework/src/Illuminate/Foundation/Application.php(1220): Illuminate/Foundation/Http/Kernel->handle(Object(Illuminate/Http/Request))
#62 C:/Users/Gergs/Documents/Codex/2026-08-10/5-5/work/hardware-components-main/hardware-components-main/public/index.php(20): Illuminate/Foundation/Application->handleRequest(Object(Illuminate/Http/Request))
#63 C:/Users/Gergs/Documents/Codex/2026-08-10/5-5/work/hardware-components-main/hardware-components-main/vendor/laravel/framework/src/Illuminate/Foundation/resources/server.php(23): require_once('C://Users//Gergs//...')
#64 {main}

[previous exception] [object] (Illuminate\\Foundation\\ViteManifestNotFoundException(code: 0): Vite manifest not found at: C:\\Users\\Gergs\\Documents\\Codex\\2026-08-10\\5-5\\work\\hardware-components-main\\hardware-components-main\\public\\build/manifest.json at C:/Users/Gergs/Documents/Codex/2026-08-10/5-5/work/hardware-components-main/hardware-components-main/vendor/laravel/framework/src/Illuminate/Foundation/Vite.php:946)
[stacktrace]
#0 C:/Users/Gergs/Documents/Codex/2026-08-10/5-5/work/hardware-components-main/hardware-components-main/vendor/laravel/framework/src/Illuminate/Foundation/Vite.php(384): Illuminate/Foundation/Vite->manifest('build')
#1 C:/Users/Gergs/Documents/Codex/2026-08-10/5-5/work/hardware-components-main/hardware-components-main/storage/framework/views/13e8362498abf6f643d67a78e4577c67.php(41): Illuminate/Foundation/Vite->__invoke(Object(Illuminate/Support/Collection))
#2 C:/Users/Gergs/Documents/Codex/2026-08-10/5-5/work/hardware-components-main/hardware-components-main/vendor/laravel/framework/src/Illuminate/Filesystem/Filesystem.php(123): require('C://Users//Gergs//...')
#3 C:/Users/Gergs/Documents/Codex/2026-08-10/5-5/work/hardware-components-main/hardware-components-main/vendor/laravel/framework/src/Illuminate/Filesystem/Filesystem.php(124): Illuminate/Filesystem/Filesystem::Illuminate/Filesystem/{closure}()
#4 C:/Users/Gergs/Documents/Codex/2026-08-10/5-5/work/hardware-components-main/hardware-components-main/vendor/laravel/framework/src/Illuminate/View/Engines/PhpEngine.php(57): Illuminate/Filesystem/Filesystem->getRequire('C://Users//Gergs//...', Array)
#5 C:/Users/Gergs/Documents/Codex/2026-08-10/5-5/work/hardware-components-main/hardware-components-main/vendor/laravel/framework/src/Illuminate/View/Engines/CompilerEngine.php(76): Illuminate/View/Engines/PhpEngine->evaluatePath('C://Users//Gergs//...', Array)
#6 C:/Users/Gergs/Documents/Codex/2026-08-10/5-5/work/hardware-components-main/hardware-components-main/vendor/laravel/framework/src/Illuminate/View/View.php(208): Illuminate/View/Engines/CompilerEngine->get('C://Users//Gergs//...', Array)
#7 C:/Users/Gergs/Documents/Codex/2026-08-10/5-5/work/hardware-components-main/hardware-components-main/vendor/laravel/framework/src/Illuminate/View/View.php(191): Illuminate/View/View->getContents()
#8 C:/Users/Gergs/Documents/Codex/2026-08-10/5-5/work/hardware-components-main/hardware-components-main/vendor/laravel/framework/src/Illuminate/View/View.php(160): Illuminate/View/View->renderContents()
#9 C:/Users/Gergs/Documents/Codex/2026-08-10/5-5/work/hardware-components-main/hardware-components-main/vendor/laravel/framework/src/Illuminate/View/Concerns/ManagesComponents.php(103): Illuminate/View/View->render()
#10 C:/Users/Gergs/Documents/Codex/2026-08-10/5-5/work/hardware-components-main/hardware-components-main/storage/framework/views/440858e632ee4222d04f5f36c9f4b22f.php(28): Illuminate/View/Factory->renderComponent()
#11 C:/Users/Gergs/Documents/Codex/2026-08-10/5-5/work/hardware-components-main/hardware-components-main/vendor/laravel/framework/src/Illuminate/Filesystem/Filesystem.php(123): require('C://Users//Gergs//...')
#12 C:/Users/Gergs/Documents/Codex/2026-08-10/5-5/work/hardware-components-main/hardware-components-main/vendor/laravel/framework/src/Illuminate/Filesystem/Filesystem.php(124): Illuminate/Filesystem/Filesystem::Illuminate/Filesystem/{closure}()
#13 C:/Users/Gergs/Documents/Codex/2026-08-10/5-5/work/hardware-components-main/hardware-components-main/vendor/laravel/framework/src/Illuminate/View/Engines/PhpEngine.php(57): Illuminate/Filesystem/Filesystem->getRequire('C://Users//Gergs//...', Array)
#14 C:/Users/Gergs/Documents/Codex/2026-08-10/5-5/work/hardware-components-main/hardware-components-main/vendor/laravel/framework/src/Illuminate/View/Engines/CompilerEngine.php(76): Illuminate/View/Engines/PhpEngine->evaluatePath('C://Users//Gergs//...', Array)
#15 C:/Users/Gergs/Documents/Codex/2026-08-10/5-5/work/hardware-components-main/hardware-components-main/vendor/laravel/framework/src/Illuminate/View/View.php(208): Illuminate/View/Engines/CompilerEngine->get('C://Users//Gergs//...', Array)
#16 C:/Users/Gergs/Documents/Codex/2026-08-10/5-5/work/hardware-components-main/hardware-components-main/vendor/laravel/framework/src/Illuminate/View/View.php(191): Illuminate/View/View->getContents()
#17 C:/Users/Gergs/Documents/Codex/2026-08-10/5-5/work/hardware-components-main/hardware-components-main/vendor/laravel/framework/src/Illuminate/View/View.php(160): Illuminate/View/View->renderContents()
#18 C:/Users/Gergs/Documents/Codex/2026-08-10/5-5/work/hardware-components-main/hardware-components-main/vendor/laravel/framework/src/Illuminate/Http/Response.php(78): Illuminate/View/View->render()
#19 C:/Users/Gergs/Documents/Codex/2026-08-10/5-5/work/hardware-components-main/hardware-components-main/vendor/laravel/framework/src/Illuminate/Http/Response.php(34): Illuminate/Http/Response->setContent(Object(Illuminate/View/View))
#20 C:/Users/Gergs/Documents/Codex/2026-08-10/5-5/work/hardware-components-main/hardware-components-main/vendor/laravel/framework/src/Illuminate/Routing/Router.php(939): Illuminate/Http/Response->__construct(Object(Illuminate/View/View), 200, Array)
#21 C:/Users/Gergs/Documents/Codex/2026-08-10/5-5/work/hardware-components-main/hardware-components-main/vendor/laravel/framework/src/Illuminate/Routing/Router.php(906): Illuminate/Routing/Router::toResponse(Object(Illuminate/Http/Request), Object(Illuminate/View/View))
#22 C:/Users/Gergs/Documents/Codex/2026-08-10/5-5/work/hardware-components-main/hardware-components-main/vendor/laravel/framework/src/Illuminate/Routing/Router.php(821): Illuminate/Routing/Router->prepareResponse(Object(Illuminate/Http/Request), Object(Illuminate/View/View))
#23 C:/Users/Gergs/Documents/Codex/2026-08-10/5-5/work/hardware-components-main/hardware-components-main/vendor/laravel/framework/src/Illuminate/Pipeline/Pipeline.php(180): Illuminate/Routing/Router->Illuminate/Routing/{closure}(Object(Illuminate/Http/Request))
#24 C:/Users/Gergs/Documents/Codex/2026-08-10/5-5/work/hardware-components-main/hardware-components-main/vendor/laravel/framework/src/Illuminate/Routing/Middleware/SubstituteBindings.php(50): Illuminate/Pipeline/Pipeline->Illuminate/Pipeline/{closure}(Object(Illuminate/Http/Request))
#25 C:/Users/Gergs/Documents/Codex/2026-08-10/5-5/work/hardware-components-main/hardware-components-main/vendor/laravel/framework/src/Illuminate/Pipeline/Pipeline.php(219): Illuminate/Routing/Middleware/SubstituteBindings->handle(Object(Illuminate/Http/Request), Object(Closure))
#26 C:/Users/Gergs/Documents/Codex/2026-08-10/5-5/work/hardware-components-main/hardware-components-main/vendor/laravel/framework/src/Illuminate/Foundation/Http/Middleware/VerifyCsrfToken.php(87): Illuminate/Pipeline/Pipeline->Illuminate/Pipeline/{closure}(Object(Illuminate/Http/Request))
#27 C:/Users/Gergs/Documents/Codex/2026-08-10/5-5/work/hardware-components-main/hardware-components-main/vendor/laravel/framework/src/Illuminate/Pipeline/Pipeline.php(219): Illuminate/Foundation/Http/Middleware/VerifyCsrfToken->handle(Object(Illuminate/Http/Request), Object(Closure))
#28 C:/Users/Gergs/Documents/Codex/2026-08-10/5-5/work/hardware-components-main/hardware-components-main/vendor/laravel/framework/src/Illuminate/View/Middleware/ShareErrorsFromSession.php(48): Illuminate/Pipeline/Pipeline->Illuminate/Pipeline/{closure}(Object(Illuminate/Http/Request))
#29 C:/Users/Gergs/Documents/Codex/2026-08-10/5-5/work/hardware-components-main/hardware-components-main/vendor/laravel/framework/src/Illuminate/Pipeline/Pipeline.php(219): Illuminate/View/Middleware/ShareErrorsFromSession->handle(Object(Illuminate/Http/Request), Object(Closure))
#30 C:/Users/Gergs/Documents/Codex/2026-08-10/5-5/work/hardware-components-main/hardware-components-main/vendor/laravel/framework/src/Illuminate/Session/Middleware/StartSession.php(120): Illuminate/Pipeline/Pipeline->Illuminate/Pipeline/{closure}(Object(Illuminate/Http/Request))
#31 C:/Users/Gergs/Documents/Codex/2026-08-10/5-5/work/hardware-components-main/hardware-components-main/vendor/laravel/framework/src/Illuminate/Session/Middleware/StartSession.php(63): Illuminate/Session/Middleware/StartSession->handleStatefulRequest(Object(Illuminate/Http/Request), Object(Illuminate/Session/Store), Object(Closure))
#32 C:/Users/Gergs/Documents/Codex/2026-08-10/5-5/work/hardware-components-main/hardware-components-main/vendor/laravel/framework/src/Illuminate/Pipeline/Pipeline.php(219): Illuminate/Session/Middleware/StartSession->handle(Object(Illuminate/Http/Request), Object(Closure))
#33 C:/Users/Gergs/Documents/Codex/2026-08-10/5-5/work/hardware-components-main/hardware-components-main/vendor/laravel/framework/src/Illuminate/Cookie/Middleware/AddQueuedCookiesToResponse.php(36): Illuminate/Pipeline/Pipeline->Illuminate/Pipeline/{closure}(Object(Illuminate/Http/Request))
#34 C:/Users/Gergs/Documents/Codex/2026-08-10/5-5/work/hardware-components-main/hardware-components-main/vendor/laravel/framework/src/Illuminate/Pipeline/Pipeline.php(219): Illuminate/Cookie/Middleware/AddQueuedCookiesToResponse->handle(Object(Illuminate/Http/Request), Object(Closure))
#35 C:/Users/Gergs/Documents/Codex/2026-08-10/5-5/work/hardware-components-main/hardware-components-main/vendor/laravel/framework/src/Illuminate/Cookie/Middleware/EncryptCookies.php(74): Illuminate/Pipeline/Pipeline->Illuminate/Pipeline/{closure}(Object(Illuminate/Http/Request))
#36 C:/Users/Gergs/Documents/Codex/2026-08-10/5-5/work/hardware-components-main/hardware-components-main/vendor/laravel/framework/src/Illuminate/Pipeline/Pipeline.php(219): Illuminate/Cookie/Middleware/EncryptCookies->handle(Object(Illuminate/Http/Request), Object(Closure))
#37 C:/Users/Gergs/Documents/Codex/2026-08-10/5-5/work/hardware-components-main/hardware-components-main/vendor/laravel/framework/src/Illuminate/Pipeline/Pipeline.php(137): Illuminate/Pipeline/Pipeline->Illuminate/Pipeline/{closure}(Object(Illuminate/Http/Request))
#38 C:/Users/Gergs/Documents/Codex/2026-08-10/5-5/work/hardware-components-main/hardware-components-main/vendor/laravel/framework/src/Illuminate/Routing/Router.php(821): Illuminate/Pipeline/Pipeline->then(Object(Closure))
#39 C:/Users/Gergs/Documents/Codex/2026-08-10/5-5/work/hardware-components-main/hardware-components-main/vendor/laravel/framework/src/Illuminate/Routing/Router.php(800): Illuminate/Routing/Router->runRouteWithinStack(Object(Illuminate/Routing/Route), Object(Illuminate/Http/Request))
#40 C:/Users/Gergs/Documents/Codex/2026-08-10/5-5/work/hardware-components-main/hardware-components-main/vendor/laravel/framework/src/Illuminate/Routing/Router.php(764): Illuminate/Routing/Router->runRoute(Object(Illuminate/Http/Request), Object(Illuminate/Routing/Route))
#41 C:/Users/Gergs/Documents/Codex/2026-08-10/5-5/work/hardware-components-main/hardware-components-main/vendor/laravel/framework/src/Illuminate/Routing/Router.php(753): Illuminate/Routing/Router->dispatchToRoute(Object(Illuminate/Http/Request))
#42 C:/Users/Gergs/Documents/Codex/2026-08-10/5-5/work/hardware-components-main/hardware-components-main/vendor/laravel/framework/src/Illuminate/Foundation/Http/Kernel.php(200): Illuminate/Routing/Router->dispatch(Object(Illuminate/Http/Request))
#43 C:/Users/Gergs/Documents/Codex/2026-08-10/5-5/work/hardware-components-main/hardware-components-main/vendor/laravel/framework/src/Illuminate/Pipeline/Pipeline.php(180): Illuminate/Foundation/Http/Kernel->Illuminate/Foundation/Http/{closure}(Object(Illuminate/Http/Request))
#44 C:/Users/Gergs/Documents/Codex/2026-08-10/5-5/work/hardware-components-main/hardware-components-main/vendor/laravel/framework/src/Illuminate/Foundation/Http/Middleware/TransformsRequest.php(21): Illuminate/Pipeline/Pipeline->Illuminate/Pipeline/{closure}(Object(Illuminate/Http/Request))
#45 C:/Users/Gergs/Documents/Codex/2026-08-10/5-5/work/hardware-components-main/hardware-components-main/vendor/laravel/framework/src/Illuminate/Foundation/Http/Middleware/ConvertEmptyStringsToNull.php(31): Illuminate/Foundation/Http/Middleware/TransformsRequest->handle(Object(Illuminate/Http/Request), Object(Closure))
#46 C:/Users/Gergs/Documents/Codex/2026-08-10/5-5/work/hardware-components-main/hardware-components-main/vendor/laravel/framework/src/Illuminate/Pipeline/Pipeline.php(219): Illuminate/Foundation/Http/Middleware/ConvertEmptyStringsToNull->handle(Object(Illuminate/Http/Request), Object(Closure))
#47 C:/Users/Gergs/Documents/Codex/2026-08-10/5-5/work/hardware-components-main/hardware-components-main/vendor/laravel/framework/src/Illuminate/Foundation/Http/Middleware/TransformsRequest.php(21): Illuminate/Pipeline/Pipeline->Illuminate/Pipeline/{closure}(Object(Illuminate/Http/Request))
#48 C:/Users/Gergs/Documents/Codex/2026-08-10/5-5/work/hardware-components-main/hardware-components-main/vendor/laravel/framework/src/Illuminate/Foundation/Http/Middleware/TrimStrings.php(51): Illuminate/Foundation/Http/Middleware/TransformsRequest->handle(Object(Illuminate/Http/Request), Object(Closure))
#49 C:/Users/Gergs/Documents/Codex/2026-08-10/5-5/work/hardware-components-main/hardware-components-main/vendor/laravel/framework/src/Illuminate/Pipeline/Pipeline.php(219): Illuminate/Foundation/Http/Middleware/TrimStrings->handle(Object(Illuminate/Http/Request), Object(Closure))
#50 C:/Users/Gergs/Documents/Codex/2026-08-10/5-5/work/hardware-components-main/hardware-components-main/vendor/laravel/framework/src/Illuminate/Http/Middleware/ValidatePostSize.php(27): Illuminate/Pipeline/Pipeline->Illuminate/Pipeline/{closure}(Object(Illuminate/Http/Request))
#51 C:/Users/Gergs/Documents/Codex/2026-08-10/5-5/work/hardware-components-main/hardware-components-main/vendor/laravel/framework/src/Illuminate/Pipeline/Pipeline.php(219): Illuminate/Http/Middleware/ValidatePostSize->handle(Object(Illuminate/Http/Request), Object(Closure))
#52 C:/Users/Gergs/Documents/Codex/2026-08-10/5-5/work/hardware-components-main/hardware-components-main/vendor/laravel/framework/src/Illuminate/Foundation/Http/Middleware/PreventRequestsDuringMaintenance.php(109): Illuminate/Pipeline/Pipeline->Illuminate/Pipeline/{closure}(Object(Illuminate/Http/Request))
#53 C:/Users/Gergs/Documents/Codex/2026-08-10/5-5/work/hardware-components-main/hardware-components-main/vendor/laravel/framework/src/Illuminate/Pipeline/Pipeline.php(219): Illuminate/Foundation/Http/Middleware/PreventRequestsDuringMaintenance->handle(Object(Illuminate/Http/Request), Object(Closure))
#54 C:/Users/Gergs/Documents/Codex/2026-08-10/5-5/work/hardware-components-main/hardware-components-main/vendor/laravel/framework/src/Illuminate/Http/Middleware/HandleCors.php(61): Illuminate/Pipeline/Pipeline->Illuminate/Pipeline/{closure}(Object(Illuminate/Http/Request))
#55 C:/Users/Gergs/Documents/Codex/2026-08-10/5-5/work/hardware-components-main/hardware-components-main/vendor/laravel/framework/src/Illuminate/Pipeline/Pipeline.php(219): Illuminate/Http/Middleware/HandleCors->handle(Object(Illuminate/Http/Request), Object(Closure))
#56 C:/Users/Gergs/Documents/Codex/2026-08-10/5-5/work/hardware-components-main/hardware-components-main/vendor/laravel/framework/src/Illuminate/Http/Middleware/TrustProxies.php(58): Illuminate/Pipeline/Pipeline->Illuminate/Pipeline/{closure}(Object(Illuminate/Http/Request))
#57 C:/Users/Gergs/Documents/Codex/2026-08-10/5-5/work/hardware-components-main/hardware-components-main/vendor/laravel/framework/src/Illuminate/Pipeline/Pipeline.php(219): Illuminate/Http/Middleware/TrustProxies->handle(Object(Illuminate/Http/Request), Object(Closure))
#58 C:/Users/Gergs/Documents/Codex/2026-08-10/5-5/work/hardware-components-main/hardware-components-main/vendor/laravel/framework/src/Illuminate/Foundation/Http/Middleware/InvokeDeferredCallbacks.php(22): Illuminate/Pipeline/Pipeline->Illuminate/Pipeline/{closure}(Object(Illuminate/Http/Request))
#59 C:/Users/Gergs/Documents/Codex/2026-08-10/5-5/work/hardware-components-main/hardware-components-main/vendor/laravel/framework/src/Illuminate/Pipeline/Pipeline.php(219): Illuminate/Foundation/Http/Middleware/InvokeDeferredCallbacks->handle(Object(Illuminate/Http/Request), Object(Closure))
#60 C:/Users/Gergs/Documents/Codex/2026-08-10/5-5/work/hardware-components-main/hardware-components-main/vendor/laravel/framework/src/Illuminate/Http/Middleware/ValidatePathEncoding.php(26): Illuminate/Pipeline/Pipeline->Illuminate/Pipeline/{closure}(Object(Illuminate/Http/Request))
#61 C:/Users/Gergs/Documents/Codex/2026-08-10/5-5/work/hardware-components-main/hardware-components-main/vendor/laravel/framework/src/Illuminate/Pipeline/Pipeline.php(219): Illuminate/Http/Middleware/ValidatePathEncoding->handle(Object(Illuminate/Http/Request), Object(Closure))
#62 C:/Users/Gergs/Documents/Codex/2026-08-10/5-5/work/hardware-components-main/hardware-components-main/vendor/laravel/framework/src/Illuminate/Pipeline/Pipeline.php(137): Illuminate/Pipeline/Pipeline->Illuminate/Pipeline/{closure}(Object(Illuminate/Http/Request))
#63 C:/Users/Gergs/Documents/Codex/2026-08-10/5-5/work/hardware-components-main/hardware-components-main/vendor/laravel/framework/src/Illuminate/Foundation/Http/Kernel.php(175): Illuminate/Pipeline/Pipeline->then(Object(Closure))
#64 C:/Users/Gergs/Documents/Codex/2026-08-10/5-5/work/hardware-components-main/hardware-components-main/vendor/laravel/framework/src/Illuminate/Foundation/Http/Kernel.php(144): Illuminate/Foundation/Http/Kernel->sendRequestThroughRouter(Object(Illuminate/Http/Request))
#65 C:/Users/Gergs/Documents/Codex/2026-08-10/5-5/work/hardware-components-main/hardware-components-main/vendor/laravel/framework/src/Illuminate/Foundation/Application.php(1220): Illuminate/Foundation/Http/Kernel->handle(Object(Illuminate/Http/Request))
#66 C:/Users/Gergs/Documents/Codex/2026-08-10/5-5/work/hardware-components-main/hardware-components-main/public/index.php(20): Illuminate/Foundation/Application->handleRequest(Object(Illuminate/Http/Request))
#67 C:/Users/Gergs/Documents/Codex/2026-08-10/5-5/work/hardware-components-main/hardware-components-main/vendor/laravel/framework/src/Illuminate/Foundation/resources/server.php(23): require_once('C://Users//Gergs//...')
#68 {main}
"} 
[2026-08-09 22:12:53] local.ERROR: Vite manifest not found at: C:\Users\Gergs\Documents\Codex\2026-08-10\5-5\work\hardware-components-main\hardware-components-main\public\build/manifest.json (View: C:\Users\Gergs\Documents\Codex\2026-08-10\5-5\work\hardware-components-main\hardware-components-main\resources\views\components\layout\layout.blade.php) (View: C:\Users\Gergs\Documents\Codex\2026-08-10\5-5\work\hardware-components-main\hardware-components-main\resources\views\components\layout\layout.blade.php) {"exception":"[object] (Illuminate\\View\\ViewException(code: 0): Vite manifest not found at: C:\\Users\\Gergs\\Documents\\Codex\\2026-08-10\\5-5\\work\\hardware-components-main\\hardware-components-main\\public\\build/manifest.json (View: C:\\Users\\Gergs\\Documents\\Codex\\2026-08-10\\5-5\\work\\hardware-components-main\\hardware-components-main\\resources\\views\\components\\layout\\layout.blade.php) (View: C:\\Users\\Gergs\\Documents\\Codex\\2026-08-10\\5-5\\work\\hardware-components-main\\hardware-components-main\\resources\\views\\components\\layout\\layout.blade.php) at C:/Users/Gergs/Documents/Codex/2026-08-10/5-5/work/hardware-components-main/hardware-components-main/vendor/laravel/framework/src/Illuminate/Foundation/Vite.php:946)
[stacktrace]
#0 C:/Users/Gergs/Documents/Codex/2026-08-10/5-5/work/hardware-components-main/hardware-components-main/vendor/laravel/framework/src/Illuminate/View/Engines/PhpEngine.php(59): Illuminate/View/Engines/CompilerEngine->handleViewException(Object(Illuminate/View/ViewException), 1)
#1 C:/Users/Gergs/Documents/Codex/2026-08-10/5-5/work/hardware-components-main/hardware-components-main/vendor/laravel/framework/src/Illuminate/View/Engines/CompilerEngine.php(76): Illuminate/View/Engines/PhpEngine->evaluatePath('C://Users//Gergs//...', Array)
#2 C:/Users/Gergs/Documents/Codex/2026-08-10/5-5/work/hardware-components-main/hardware-components-main/vendor/laravel/framework/src/Illuminate/View/View.php(208): Illuminate/View/Engines/CompilerEngine->get('C://Users//Gergs//...', Array)
#3 C:/Users/Gergs/Documents/Codex/2026-08-10/5-5/work/hardware-components-main/hardware-components-main/vendor/laravel/framework/src/Illuminate/View/View.php(191): Illuminate/View/View->getContents()
#4 C:/Users/Gergs/Documents/Codex/2026-08-10/5-5/work/hardware-components-main/hardware-components-main/vendor/laravel/framework/src/Illuminate/View/View.php(160): Illuminate/View/View->renderContents()
#5 C:/Users/Gergs/Documents/Codex/2026-08-10/5-5/work/hardware-components-main/hardware-components-main/vendor/laravel/framework/src/Illuminate/Http/Response.php(78): Illuminate/View/View->render()
#6 C:/Users/Gergs/Documents/Codex/2026-08-10/5-5/work/hardware-components-main/hardware-components-main/vendor/laravel/framework/src/Illuminate/Http/Response.php(34): Illuminate/Http/Response->setContent(Object(Illuminate/View/View))
#7 C:/Users/Gergs/Documents/Codex/2026-08-10/5-5/work/hardware-components-main/hardware-components-main/vendor/laravel/framework/src/Illuminate/Routing/Router.php(939): Illuminate/Http/Response->__construct(Object(Illuminate/View/View), 200, Array)
#8 C:/Users/Gergs/Documents/Codex/2026-08-10/5-5/work/hardware-components-main/hardware-components-main/vendor/laravel/framework/src/Illuminate/Routing/Router.php(906): Illuminate/Routing/Router::toResponse(Object(Illuminate/Http/Request), Object(Illuminate/View/View))
#9 C:/Users/Gergs/Documents/Codex/2026-08-10/5-5/work/hardware-components-main/hardware-components-main/vendor/laravel/framework/src/Illuminate/Routing/Router.php(821): Illuminate/Routing/Router->prepareResponse(Object(Illuminate/Http/Request), Object(Illuminate/View/View))
#10 C:/Users/Gergs/Documents/Codex/2026-08-10/5-5/work/hardware-components-main/hardware-components-main/vendor/laravel/framework/src/Illuminate/Pipeline/Pipeline.php(180): Illuminate/Routing/Router->Illuminate/Routing/{closure}(Object(Illuminate/Http/Request))
#11 C:/Users/Gergs/Documents/Codex/2026-08-10/5-5/work/hardware-components-main/hardware-components-main/vendor/laravel/framework/src/Illuminate/Routing/Middleware/SubstituteBindings.php(50): Illuminate/Pipeline/Pipeline->Illuminate/Pipeline/{closure}(Object(Illuminate/Http/Request))
#12 C:/Users/Gergs/Documents/Codex/2026-08-10/5-5/work/hardware-components-main/hardware-components-main/vendor/laravel/framework/src/Illuminate/Pipeline/Pipeline.php(219): Illuminate/Routing/Middleware/SubstituteBindings->handle(Object(Illuminate/Http/Request), Object(Closure))
#13 C:/Users/Gergs/Documents/Codex/2026-08-10/5-5/work/hardware-components-main/hardware-components-main/vendor/laravel/framework/src/Illuminate/Foundation/Http/Middleware/VerifyCsrfToken.php(87): Illuminate/Pipeline/Pipeline->Illuminate/Pipeline/{closure}(Object(Illuminate/Http/Request))
#14 C:/Users/Gergs/Documents/Codex/2026-08-10/5-5/work/hardware-components-main/hardware-components-main/vendor/laravel/framework/src/Illuminate/Pipeline/Pipeline.php(219): Illuminate/Foundation/Http/Middleware/VerifyCsrfToken->handle(Object(Illuminate/Http/Request), Object(Closure))
#15 C:/Users/Gergs/Documents/Codex/2026-08-10/5-5/work/hardware-components-main/hardware-components-main/vendor/laravel/framework/src/Illuminate/View/Middleware/ShareErrorsFromSession.php(48): Illuminate/Pipeline/Pipeline->Illuminate/Pipeline/{closure}(Object(Illuminate/Http/Request))
#16 C:/Users/Gergs/Documents/Codex/2026-08-10/5-5/work/hardware-components-main/hardware-components-main/vendor/laravel/framework/src/Illuminate/Pipeline/Pipeline.php(219): Illuminate/View/Middleware/ShareErrorsFromSession->handle(Object(Illuminate/Http/Request), Object(Closure))
#17 C:/Users/Gergs/Documents/Codex/2026-08-10/5-5/work/hardware-components-main/hardware-components-main/vendor/laravel/framework/src/Illuminate/Session/Middleware/StartSession.php(120): Illuminate/Pipeline/Pipeline->Illuminate/Pipeline/{closure}(Object(Illuminate/Http/Request))
#18 C:/Users/Gergs/Documents/Codex/2026-08-10/5-5/work/hardware-components-main/hardware-components-main/vendor/laravel/framework/src/Illuminate/Session/Middleware/StartSession.php(63): Illuminate/Session/Middleware/StartSession->handleStatefulRequest(Object(Illuminate/Http/Request), Object(Illuminate/Session/Store), Object(Closure))
#19 C:/Users/Gergs/Documents/Codex/2026-08-10/5-5/work/hardware-components-main/hardware-components-main/vendor/laravel/framework/src/Illuminate/Pipeline/Pipeline.php(219): Illuminate/Session/Middleware/StartSession->handle(Object(Illuminate/Http/Request), Object(Closure))
#20 C:/Users/Gergs/Documents/Codex/2026-08-10/5-5/work/hardware-components-main/hardware-components-main/vendor/laravel/framework/src/Illuminate/Cookie/Middleware/AddQueuedCookiesToResponse.php(36): Illuminate/Pipeline/Pipeline->Illuminate/Pipeline/{closure}(Object(Illuminate/Http/Request))
#21 C:/Users/Gergs/Documents/Codex/2026-08-10/5-5/work/hardware-components-main/hardware-components-main/vendor/laravel/framework/src/Illuminate/Pipeline/Pipeline.php(219): Illuminate/Cookie/Middleware/AddQueuedCookiesToResponse->handle(Object(Illuminate/Http/Request), Object(Closure))
#22 C:/Users/Gergs/Documents/Codex/2026-08-10/5-5/work/hardware-components-main/hardware-components-main/vendor/laravel/framework/src/Illuminate/Cookie/Middleware/EncryptCookies.php(74): Illuminate/Pipeline/Pipeline->Illuminate/Pipeline/{closure}(Object(Illuminate/Http/Request))
#23 C:/Users/Gergs/Documents/Codex/2026-08-10/5-5/work/hardware-components-main/hardware-components-main/vendor/laravel/framework/src/Illuminate/Pipeline/Pipeline.php(219): Illuminate/Cookie/Middleware/EncryptCookies->handle(Object(Illuminate/Http/Request), Object(Closure))
#24 C:/Users/Gergs/Documents/Codex/2026-08-10/5-5/work/hardware-components-main/hardware-components-main/vendor/laravel/framework/src/Illuminate/Pipeline/Pipeline.php(137): Illuminate/Pipeline/Pipeline->Illuminate/Pipeline/{closure}(Object(Illuminate/Http/Request))
#25 C:/Users/Gergs/Documents/Codex/2026-08-10/5-5/work/hardware-components-main/hardware-components-main/vendor/laravel/framework/src/Illuminate/Routing/Router.php(821): Illuminate/Pipeline/Pipeline->then(Object(Closure))
#26 C:/Users/Gergs/Documents/Codex/2026-08-10/5-5/work/hardware-components-main/hardware-components-main/vendor/laravel/framework/src/Illuminate/Routing/Router.php(800): Illuminate/Routing/Router->runRouteWithinStack(Object(Illuminate/Routing/Route), Object(Illuminate/Http/Request))
#27 C:/Users/Gergs/Documents/Codex/2026-08-10/5-5/work/hardware-components-main/hardware-components-main/vendor/laravel/framework/src/Illuminate/Routing/Router.php(764): Illuminate/Routing/Router->runRoute(Object(Illuminate/Http/Request), Object(Illuminate/Routing/Route))
#28 C:/Users/Gergs/Documents/Codex/2026-08-10/5-5/work/hardware-components-main/hardware-components-main/vendor/laravel/framework/src/Illuminate/Routing/Router.php(753): Illuminate/Routing/Router->dispatchToRoute(Object(Illuminate/Http/Request))
#29 C:/Users/Gergs/Documents/Codex/2026-08-10/5-5/work/hardware-components-main/hardware-components-main/vendor/laravel/framework/src/Illuminate/Foundation/Http/Kernel.php(200): Illuminate/Routing/Router->dispatch(Object(Illuminate/Http/Request))
#30 C:/Users/Gergs/Documents/Codex/2026-08-10/5-5/work/hardware-components-main/hardware-components-main/vendor/laravel/framework/src/Illuminate/Pipeline/Pipeline.php(180): Illuminate/Foundation/Http/Kernel->Illuminate/Foundation/Http/{closure}(Object(Illuminate/Http/Request))
#31 C:/Users/Gergs/Documents/Codex/2026-08-10/5-5/work/hardware-components-main/hardware-components-main/vendor/laravel/framework/src/Illuminate/Foundation/Http/Middleware/TransformsRequest.php(21): Illuminate/Pipeline/Pipeline->Illuminate/Pipeline/{closure}(Object(Illuminate/Http/Request))
#32 C:/Users/Gergs/Documents/Codex/2026-08-10/5-5/work/hardware-components-main/hardware-components-main/vendor/laravel/framework/src/Illuminate/Foundation/Http/Middleware/ConvertEmptyStringsToNull.php(31): Illuminate/Foundation/Http/Middleware/TransformsRequest->handle(Object(Illuminate/Http/Request), Object(Closure))
#33 C:/Users/Gergs/Documents/Codex/2026-08-10/5-5/work/hardware-components-main/hardware-components-main/vendor/laravel/framework/src/Illuminate/Pipeline/Pipeline.php(219): Illuminate/Foundation/Http/Middleware/ConvertEmptyStringsToNull->handle(Object(Illuminate/Http/Request), Object(Closure))
#34 C:/Users/Gergs/Documents/Codex/2026-08-10/5-5/work/hardware-components-main/hardware-components-main/vendor/laravel/framework/src/Illuminate/Foundation/Http/Middleware/TransformsRequest.php(21): Illuminate/Pipeline/Pipeline->Illuminate/Pipeline/{closure}(Object(Illuminate/Http/Request))
#35 C:/Users/Gergs/Documents/Codex/2026-08-10/5-5/work/hardware-components-main/hardware-components-main/vendor/laravel/framework/src/Illuminate/Foundation/Http/Middleware/TrimStrings.php(51): Illuminate/Foundation/Http/Middleware/TransformsRequest->handle(Object(Illuminate/Http/Request), Object(Closure))
#36 C:/Users/Gergs/Documents/Codex/2026-08-10/5-5/work/hardware-components-main/hardware-components-main/vendor/laravel/framework/src/Illuminate/Pipeline/Pipeline.php(219): Illuminate/Foundation/Http/Middleware/TrimStrings->handle(Object(Illuminate/Http/Request), Object(Closure))
#37 C:/Users/Gergs/Documents/Codex/2026-08-10/5-5/work/hardware-components-main/hardware-components-main/vendor/laravel/framework/src/Illuminate/Http/Middleware/ValidatePostSize.php(27): Illuminate/Pipeline/Pipeline->Illuminate/Pipeline/{closure}(Object(Illuminate/Http/Request))
#38 C:/Users/Gergs/Documents/Codex/2026-08-10/5-5/work/hardware-components-main/hardware-components-main/vendor/laravel/framework/src/Illuminate/Pipeline/Pipeline.php(219): Illuminate/Http/Middleware/ValidatePostSize->handle(Object(Illuminate/Http/Request), Object(Closure))
#39 C:/Users/Gergs/Documents/Codex/2026-08-10/5-5/work/hardware-components-main/hardware-components-main/vendor/laravel/framework/src/Illuminate/Foundation/Http/Middleware/PreventRequestsDuringMaintenance.php(109): Illuminate/Pipeline/Pipeline->Illuminate/Pipeline/{closure}(Object(Illuminate/Http/Request))
#40 C:/Users/Gergs/Documents/Codex/2026-08-10/5-5/work/hardware-components-main/hardware-components-main/vendor/laravel/framework/src/Illuminate/Pipeline/Pipeline.php(219): Illuminate/Foundation/Http/Middleware/PreventRequestsDuringMaintenance->handle(Object(Illuminate/Http/Request), Object(Closure))
#41 C:/Users/Gergs/Documents/Codex/2026-08-10/5-5/work/hardware-components-main/hardware-components-main/vendor/laravel/framework/src/Illuminate/Http/Middleware/HandleCors.php(61): Illuminate/Pipeline/Pipeline->Illuminate/Pipeline/{closure}(Object(Illuminate/Http/Request))
#42 C:/Users/Gergs/Documents/Codex/2026-08-10/5-5/work/hardware-components-main/hardware-components-main/vendor/laravel/framework/src/Illuminate/Pipeline/Pipeline.php(219): Illuminate/Http/Middleware/HandleCors->handle(Object(Illuminate/Http/Request), Object(Closure))
#43 C:/Users/Gergs/Documents/Codex/2026-08-10/5-5/work/hardware-components-main/hardware-components-main/vendor/laravel/framework/src/Illuminate/Http/Middleware/TrustProxies.php(58): Illuminate/Pipeline/Pipeline->Illuminate/Pipeline/{closure}(Object(Illuminate/Http/Request))
#44 C:/Users/Gergs/Documents/Codex/2026-08-10/5-5/work/hardware-components-main/hardware-components-main/vendor/laravel/framework/src/Illuminate/Pipeline/Pipeline.php(219): Illuminate/Http/Middleware/TrustProxies->handle(Object(Illuminate/Http/Request), Object(Closure))
#45 C:/Users/Gergs/Documents/Codex/2026-08-10/5-5/work/hardware-components-main/hardware-components-main/vendor/laravel/framework/src/Illuminate/Foundation/Http/Middleware/InvokeDeferredCallbacks.php(22): Illuminate/Pipeline/Pipeline->Illuminate/Pipeline/{closure}(Object(Illuminate/Http/Request))
#46 C:/Users/Gergs/Documents/Codex/2026-08-10/5-5/work/hardware-components-main/hardware-components-main/vendor/laravel/framework/src/Illuminate/Pipeline/Pipeline.php(219): Illuminate/Foundation/Http/Middleware/InvokeDeferredCallbacks->handle(Object(Illuminate/Http/Request), Object(Closure))
#47 C:/Users/Gergs/Documents/Codex/2026-08-10/5-5/work/hardware-components-main/hardware-components-main/vendor/laravel/framework/src/Illuminate/Http/Middleware/ValidatePathEncoding.php(26): Illuminate/Pipeline/Pipeline->Illuminate/Pipeline/{closure}(Object(Illuminate/Http/Request))
#48 C:/Users/Gergs/Documents/Codex/2026-08-10/5-5/work/hardware-components-main/hardware-components-main/vendor/laravel/framework/src/Illuminate/Pipeline/Pipeline.php(219): Illuminate/Http/Middleware/ValidatePathEncoding->handle(Object(Illuminate/Http/Request), Object(Closure))
#49 C:/Users/Gergs/Documents/Codex/2026-08-10/5-5/work/hardware-components-main/hardware-components-main/vendor/laravel/framework/src/Illuminate/Pipeline/Pipeline.php(137): Illuminate/Pipeline/Pipeline->Illuminate/Pipeline/{closure}(Object(Illuminate/Http/Request))
#50 C:/Users/Gergs/Documents/Codex/2026-08-10/5-5/work/hardware-components-main/hardware-components-main/vendor/laravel/framework/src/Illuminate/Foundation/Http/Kernel.php(175): Illuminate/Pipeline/Pipeline->then(Object(Closure))
#51 C:/Users/Gergs/Documents/Codex/2026-08-10/5-5/work/hardware-components-main/hardware-components-main/vendor/laravel/framework/src/Illuminate/Foundation/Http/Kernel.php(144): Illuminate/Foundation/Http/Kernel->sendRequestThroughRouter(Object(Illuminate/Http/Request))
#52 C:/Users/Gergs/Documents/Codex/2026-08-10/5-5/work/hardware-components-main/hardware-components-main/vendor/laravel/framework/src/Illuminate/Foundation/Application.php(1220): Illuminate/Foundation/Http/Kernel->handle(Object(Illuminate/Http/Request))
#53 C:/Users/Gergs/Documents/Codex/2026-08-10/5-5/work/hardware-components-main/hardware-components-main/public/index.php(20): Illuminate/Foundation/Application->handleRequest(Object(Illuminate/Http/Request))
#54 C:/Users/Gergs/Documents/Codex/2026-08-10/5-5/work/hardware-components-main/hardware-components-main/vendor/laravel/framework/src/Illuminate/Foundation/resources/server.php(23): require_once('C://Users//Gergs//...')
#55 {main}

[previous exception] [object] (Illuminate\\View\\ViewException(code: 0): Vite manifest not found at: C:\\Users\\Gergs\\Documents\\Codex\\2026-08-10\\5-5\\work\\hardware-components-main\\hardware-components-main\\public\\build/manifest.json (View: C:\\Users\\Gergs\\Documents\\Codex\\2026-08-10\\5-5\\work\\hardware-components-main\\hardware-components-main\\resources\\views\\components\\layout\\layout.blade.php) at C:/Users/Gergs/Documents/Codex/2026-08-10/5-5/work/hardware-components-main/hardware-components-main/vendor/laravel/framework/src/Illuminate/Foundation/Vite.php:946)
[stacktrace]
#0 C:/Users/Gergs/Documents/Codex/2026-08-10/5-5/work/hardware-components-main/hardware-components-main/vendor/laravel/framework/src/Illuminate/View/Engines/PhpEngine.php(59): Illuminate/View/Engines/CompilerEngine->handleViewException(Object(Illuminate/Foundation/ViteManifestNotFoundException), 2)
#1 C:/Users/Gergs/Documents/Codex/2026-08-10/5-5/work/hardware-components-main/hardware-components-main/vendor/laravel/framework/src/Illuminate/View/Engines/CompilerEngine.php(76): Illuminate/View/Engines/PhpEngine->evaluatePath('C://Users//Gergs//...', Array)
#2 C:/Users/Gergs/Documents/Codex/2026-08-10/5-5/work/hardware-components-main/hardware-components-main/vendor/laravel/framework/src/Illuminate/View/View.php(208): Illuminate/View/Engines/CompilerEngine->get('C://Users//Gergs//...', Array)
#3 C:/Users/Gergs/Documents/Codex/2026-08-10/5-5/work/hardware-components-main/hardware-components-main/vendor/laravel/framework/src/Illuminate/View/View.php(191): Illuminate/View/View->getContents()
#4 C:/Users/Gergs/Documents/Codex/2026-08-10/5-5/work/hardware-components-main/hardware-components-main/vendor/laravel/framework/src/Illuminate/View/View.php(160): Illuminate/View/View->renderContents()
#5 C:/Users/Gergs/Documents/Codex/2026-08-10/5-5/work/hardware-components-main/hardware-components-main/vendor/laravel/framework/src/Illuminate/View/Concerns/ManagesComponents.php(103): Illuminate/View/View->render()
#6 C:/Users/Gergs/Documents/Codex/2026-08-10/5-5/work/hardware-components-main/hardware-components-main/storage/framework/views/9262f7da8eaa99488cb54a3b29604c1a.php(60): Illuminate/View/Factory->renderComponent()
#7 C:/Users/Gergs/Documents/Codex/2026-08-10/5-5/work/hardware-components-main/hardware-components-main/vendor/laravel/framework/src/Illuminate/Filesystem/Filesystem.php(123): require('C://Users//Gergs//...')
#8 C:/Users/Gergs/Documents/Codex/2026-08-10/5-5/work/hardware-components-main/hardware-components-main/vendor/laravel/framework/src/Illuminate/Filesystem/Filesystem.php(124): Illuminate/Filesystem/Filesystem::Illuminate/Filesystem/{closure}()
#9 C:/Users/Gergs/Documents/Codex/2026-08-10/5-5/work/hardware-components-main/hardware-components-main/vendor/laravel/framework/src/Illuminate/View/Engines/PhpEngine.php(57): Illuminate/Filesystem/Filesystem->getRequire('C://Users//Gergs//...', Array)
#10 C:/Users/Gergs/Documents/Codex/2026-08-10/5-5/work/hardware-components-main/hardware-components-main/vendor/laravel/framework/src/Illuminate/View/Engines/CompilerEngine.php(76): Illuminate/View/Engines/PhpEngine->evaluatePath('C://Users//Gergs//...', Array)
#11 C:/Users/Gergs/Documents/Codex/2026-08-10/5-5/work/hardware-components-main/hardware-components-main/vendor/laravel/framework/src/Illuminate/View/View.php(208): Illuminate/View/Engines/CompilerEngine->get('C://Users//Gergs//...', Array)
#12 C:/Users/Gergs/Documents/Codex/2026-08-10/5-5/work/hardware-components-main/hardware-components-main/vendor/laravel/framework/src/Illuminate/View/View.php(191): Illuminate/View/View->getContents()
#13 C:/Users/Gergs/Documents/Codex/2026-08-10/5-5/work/hardware-components-main/hardware-components-main/vendor/laravel/framework/src/Illuminate/View/View.php(160): Illuminate/View/View->renderContents()
#14 C:/Users/Gergs/Documents/Codex/2026-08-10/5-5/work/hardware-components-main/hardware-components-main/vendor/laravel/framework/src/Illuminate/Http/Response.php(78): Illuminate/View/View->render()
#15 C:/Users/Gergs/Documents/Codex/2026-08-10/5-5/work/hardware-components-main/hardware-components-main/vendor/laravel/framework/src/Illuminate/Http/Response.php(34): Illuminate/Http/Response->setContent(Object(Illuminate/View/View))
#16 C:/Users/Gergs/Documents/Codex/2026-08-10/5-5/work/hardware-components-main/hardware-components-main/vendor/laravel/framework/src/Illuminate/Routing/Router.php(939): Illuminate/Http/Response->__construct(Object(Illuminate/View/View), 200, Array)
#17 C:/Users/Gergs/Documents/Codex/2026-08-10/5-5/work/hardware-components-main/hardware-components-main/vendor/laravel/framework/src/Illuminate/Routing/Router.php(906): Illuminate/Routing/Router::toResponse(Object(Illuminate/Http/Request), Object(Illuminate/View/View))
#18 C:/Users/Gergs/Documents/Codex/2026-08-10/5-5/work/hardware-components-main/hardware-components-main/vendor/laravel/framework/src/Illuminate/Routing/Router.php(821): Illuminate/Routing/Router->prepareResponse(Object(Illuminate/Http/Request), Object(Illuminate/View/View))
#19 C:/Users/Gergs/Documents/Codex/2026-08-10/5-5/work/hardware-components-main/hardware-components-main/vendor/laravel/framework/src/Illuminate/Pipeline/Pipeline.php(180): Illuminate/Routing/Router->Illuminate/Routing/{closure}(Object(Illuminate/Http/Request))
#20 C:/Users/Gergs/Documents/Codex/2026-08-10/5-5/work/hardware-components-main/hardware-components-main/vendor/laravel/framework/src/Illuminate/Routing/Middleware/SubstituteBindings.php(50): Illuminate/Pipeline/Pipeline->Illuminate/Pipeline/{closure}(Object(Illuminate/Http/Request))
#21 C:/Users/Gergs/Documents/Codex/2026-08-10/5-5/work/hardware-components-main/hardware-components-main/vendor/laravel/framework/src/Illuminate/Pipeline/Pipeline.php(219): Illuminate/Routing/Middleware/SubstituteBindings->handle(Object(Illuminate/Http/Request), Object(Closure))
#22 C:/Users/Gergs/Documents/Codex/2026-08-10/5-5/work/hardware-components-main/hardware-components-main/vendor/laravel/framework/src/Illuminate/Foundation/Http/Middleware/VerifyCsrfToken.php(87): Illuminate/Pipeline/Pipeline->Illuminate/Pipeline/{closure}(Object(Illuminate/Http/Request))
#23 C:/Users/Gergs/Documents/Codex/2026-08-10/5-5/work/hardware-components-main/hardware-components-main/vendor/laravel/framework/src/Illuminate/Pipeline/Pipeline.php(219): Illuminate/Foundation/Http/Middleware/VerifyCsrfToken->handle(Object(Illuminate/Http/Request), Object(Closure))
#24 C:/Users/Gergs/Documents/Codex/2026-08-10/5-5/work/hardware-components-main/hardware-components-main/vendor/laravel/framework/src/Illuminate/View/Middleware/ShareErrorsFromSession.php(48): Illuminate/Pipeline/Pipeline->Illuminate/Pipeline/{closure}(Object(Illuminate/Http/Request))
#25 C:/Users/Gergs/Documents/Codex/2026-08-10/5-5/work/hardware-components-main/hardware-components-main/vendor/laravel/framework/src/Illuminate/Pipeline/Pipeline.php(219): Illuminate/View/Middleware/ShareErrorsFromSession->handle(Object(Illuminate/Http/Request), Object(Closure))
#26 C:/Users/Gergs/Documents/Codex/2026-08-10/5-5/work/hardware-components-main/hardware-components-main/vendor/laravel/framework/src/Illuminate/Session/Middleware/StartSession.php(120): Illuminate/Pipeline/Pipeline->Illuminate/Pipeline/{closure}(Object(Illuminate/Http/Request))
#27 C:/Users/Gergs/Documents/Codex/2026-08-10/5-5/work/hardware-components-main/hardware-components-main/vendor/laravel/framework/src/Illuminate/Session/Middleware/StartSession.php(63): Illuminate/Session/Middleware/StartSession->handleStatefulRequest(Object(Illuminate/Http/Request), Object(Illuminate/Session/Store), Object(Closure))
#28 C:/Users/Gergs/Documents/Codex/2026-08-10/5-5/work/hardware-components-main/hardware-components-main/vendor/laravel/framework/src/Illuminate/Pipeline/Pipeline.php(219): Illuminate/Session/Middleware/StartSession->handle(Object(Illuminate/Http/Request), Object(Closure))
#29 C:/Users/Gergs/Documents/Codex/2026-08-10/5-5/work/hardware-components-main/hardware-components-main/vendor/laravel/framework/src/Illuminate/Cookie/Middleware/AddQueuedCookiesToResponse.php(36): Illuminate/Pipeline/Pipeline->Illuminate/Pipeline/{closure}(Object(Illuminate/Http/Request))
#30 C:/Users/Gergs/Documents/Codex/2026-08-10/5-5/work/hardware-components-main/hardware-components-main/vendor/laravel/framework/src/Illuminate/Pipeline/Pipeline.php(219): Illuminate/Cookie/Middleware/AddQueuedCookiesToResponse->handle(Object(Illuminate/Http/Request), Object(Closure))
#31 C:/Users/Gergs/Documents/Codex/2026-08-10/5-5/work/hardware-components-main/hardware-components-main/vendor/laravel/framework/src/Illuminate/Cookie/Middleware/EncryptCookies.php(74): Illuminate/Pipeline/Pipeline->Illuminate/Pipeline/{closure}(Object(Illuminate/Http/Request))
#32 C:/Users/Gergs/Documents/Codex/2026-08-10/5-5/work/hardware-components-main/hardware-components-main/vendor/laravel/framework/src/Illuminate/Pipeline/Pipeline.php(219): Illuminate/Cookie/Middleware/EncryptCookies->handle(Object(Illuminate/Http/Request), Object(Closure))
#33 C:/Users/Gergs/Documents/Codex/2026-08-10/5-5/work/hardware-components-main/hardware-components-main/vendor/laravel/framework/src/Illuminate/Pipeline/Pipeline.php(137): Illuminate/Pipeline/Pipeline->Illuminate/Pipeline/{closure}(Object(Illuminate/Http/Request))
#34 C:/Users/Gergs/Documents/Codex/2026-08-10/5-5/work/hardware-components-main/hardware-components-main/vendor/laravel/framework/src/Illuminate/Routing/Router.php(821): Illuminate/Pipeline/Pipeline->then(Object(Closure))
#35 C:/Users/Gergs/Documents/Codex/2026-08-10/5-5/work/hardware-components-main/hardware-components-main/vendor/laravel/framework/src/Illuminate/Routing/Router.php(800): Illuminate/Routing/Router->runRouteWithinStack(Object(Illuminate/Routing/Route), Object(Illuminate/Http/Request))
#36 C:/Users/Gergs/Documents/Codex/2026-08-10/5-5/work/hardware-components-main/hardware-components-main/vendor/laravel/framework/src/Illuminate/Routing/Router.php(764): Illuminate/Routing/Router->runRoute(Object(Illuminate/Http/Request), Object(Illuminate/Routing/Route))
#37 C:/Users/Gergs/Documents/Codex/2026-08-10/5-5/work/hardware-components-main/hardware-components-main/vendor/laravel/framework/src/Illuminate/Routing/Router.php(753): Illuminate/Routing/Router->dispatchToRoute(Object(Illuminate/Http/Request))
#38 C:/Users/Gergs/Documents/Codex/2026-08-10/5-5/work/hardware-components-main/hardware-components-main/vendor/laravel/framework/src/Illuminate/Foundation/Http/Kernel.php(200): Illuminate/Routing/Router->dispatch(Object(Illuminate/Http/Request))
#39 C:/Users/Gergs/Documents/Codex/2026-08-10/5-5/work/hardware-components-main/hardware-components-main/vendor/laravel/framework/src/Illuminate/Pipeline/Pipeline.php(180): Illuminate/Foundation/Http/Kernel->Illuminate/Foundation/Http/{closure}(Object(Illuminate/Http/Request))
#40 C:/Users/Gergs/Documents/Codex/2026-08-10/5-5/work/hardware-components-main/hardware-components-main/vendor/laravel/framework/src/Illuminate/Foundation/Http/Middleware/TransformsRequest.php(21): Illuminate/Pipeline/Pipeline->Illuminate/Pipeline/{closure}(Object(Illuminate/Http/Request))
#41 C:/Users/Gergs/Documents/Codex/2026-08-10/5-5/work/hardware-components-main/hardware-components-main/vendor/laravel/framework/src/Illuminate/Foundation/Http/Middleware/ConvertEmptyStringsToNull.php(31): Illuminate/Foundation/Http/Middleware/TransformsRequest->handle(Object(Illuminate/Http/Request), Object(Closure))
#42 C:/Users/Gergs/Documents/Codex/2026-08-10/5-5/work/hardware-components-main/hardware-components-main/vendor/laravel/framework/src/Illuminate/Pipeline/Pipeline.php(219): Illuminate/Foundation/Http/Middleware/ConvertEmptyStringsToNull->handle(Object(Illuminate/Http/Request), Object(Closure))
#43 C:/Users/Gergs/Documents/Codex/2026-08-10/5-5/work/hardware-components-main/hardware-components-main/vendor/laravel/framework/src/Illuminate/Foundation/Http/Middleware/TransformsRequest.php(21): Illuminate/Pipeline/Pipeline->Illuminate/Pipeline/{closure}(Object(Illuminate/Http/Request))
#44 C:/Users/Gergs/Documents/Codex/2026-08-10/5-5/work/hardware-components-main/hardware-components-main/vendor/laravel/framework/src/Illuminate/Foundation/Http/Middleware/TrimStrings.php(51): Illuminate/Foundation/Http/Middleware/TransformsRequest->handle(Object(Illuminate/Http/Request), Object(Closure))
#45 C:/Users/Gergs/Documents/Codex/2026-08-10/5-5/work/hardware-components-main/hardware-components-main/vendor/laravel/framework/src/Illuminate/Pipeline/Pipeline.php(219): Illuminate/Foundation/Http/Middleware/TrimStrings->handle(Object(Illuminate/Http/Request), Object(Closure))
#46 C:/Users/Gergs/Documents/Codex/2026-08-10/5-5/work/hardware-components-main/hardware-components-main/vendor/laravel/framework/src/Illuminate/Http/Middleware/ValidatePostSize.php(27): Illuminate/Pipeline/Pipeline->Illuminate/Pipeline/{closure}(Object(Illuminate/Http/Request))
#47 C:/Users/Gergs/Documents/Codex/2026-08-10/5-5/work/hardware-components-main/hardware-components-main/vendor/laravel/framework/src/Illuminate/Pipeline/Pipeline.php(219): Illuminate/Http/Middleware/ValidatePostSize->handle(Object(Illuminate/Http/Request), Object(Closure))
#48 C:/Users/Gergs/Documents/Codex/2026-08-10/5-5/work/hardware-components-main/hardware-components-main/vendor/laravel/framework/src/Illuminate/Foundation/Http/Middleware/PreventRequestsDuringMaintenance.php(109): Illuminate/Pipeline/Pipeline->Illuminate/Pipeline/{closure}(Object(Illuminate/Http/Request))
#49 C:/Users/Gergs/Documents/Codex/2026-08-10/5-5/work/hardware-components-main/hardware-components-main/vendor/laravel/framework/src/Illuminate/Pipeline/Pipeline.php(219): Illuminate/Foundation/Http/Middleware/PreventRequestsDuringMaintenance->handle(Object(Illuminate/Http/Request), Object(Closure))
#50 C:/Users/Gergs/Documents/Codex/2026-08-10/5-5/work/hardware-components-main/hardware-components-main/vendor/laravel/framework/src/Illuminate/Http/Middleware/HandleCors.php(61): Illuminate/Pipeline/Pipeline->Illuminate/Pipeline/{closure}(Object(Illuminate/Http/Request))
#51 C:/Users/Gergs/Documents/Codex/2026-08-10/5-5/work/hardware-components-main/hardware-components-main/vendor/laravel/framework/src/Illuminate/Pipeline/Pipeline.php(219): Illuminate/Http/Middleware/HandleCors->handle(Object(Illuminate/Http/Request), Object(Closure))
#52 C:/Users/Gergs/Documents/Codex/2026-08-10/5-5/work/hardware-components-main/hardware-components-main/vendor/laravel/framework/src/Illuminate/Http/Middleware/TrustProxies.php(58): Illuminate/Pipeline/Pipeline->Illuminate/Pipeline/{closure}(Object(Illuminate/Http/Request))
#53 C:/Users/Gergs/Documents/Codex/2026-08-10/5-5/work/hardware-components-main/hardware-components-main/vendor/laravel/framework/src/Illuminate/Pipeline/Pipeline.php(219): Illuminate/Http/Middleware/TrustProxies->handle(Object(Illuminate/Http/Request), Object(Closure))
#54 C:/Users/Gergs/Documents/Codex/2026-08-10/5-5/work/hardware-components-main/hardware-components-main/vendor/laravel/framework/src/Illuminate/Foundation/Http/Middleware/InvokeDeferredCallbacks.php(22): Illuminate/Pipeline/Pipeline->Illuminate/Pipeline/{closure}(Object(Illuminate/Http/Request))
#55 C:/Users/Gergs/Documents/Codex/2026-08-10/5-5/work/hardware-components-main/hardware-components-main/vendor/laravel/framework/src/Illuminate/Pipeline/Pipeline.php(219): Illuminate/Foundation/Http/Middleware/InvokeDeferredCallbacks->handle(Object(Illuminate/Http/Request), Object(Closure))
#56 C:/Users/Gergs/Documents/Codex/2026-08-10/5-5/work/hardware-components-main/hardware-components-main/vendor/laravel/framework/src/Illuminate/Http/Middleware/ValidatePathEncoding.php(26): Illuminate/Pipeline/Pipeline->Illuminate/Pipeline/{closure}(Object(Illuminate/Http/Request))
#57 C:/Users/Gergs/Documents/Codex/2026-08-10/5-5/work/hardware-components-main/hardware-components-main/vendor/laravel/framework/src/Illuminate/Pipeline/Pipeline.php(219): Illuminate/Http/Middleware/ValidatePathEncoding->handle(Object(Illuminate/Http/Request), Object(Closure))
#58 C:/Users/Gergs/Documents/Codex/2026-08-10/5-5/work/hardware-components-main/hardware-components-main/vendor/laravel/framework/src/Illuminate/Pipeline/Pipeline.php(137): Illuminate/Pipeline/Pipeline->Illuminate/Pipeline/{closure}(Object(Illuminate/Http/Request))
#59 C:/Users/Gergs/Documents/Codex/2026-08-10/5-5/work/hardware-components-main/hardware-components-main/vendor/laravel/framework/src/Illuminate/Foundation/Http/Kernel.php(175): Illuminate/Pipeline/Pipeline->then(Object(Closure))
#60 C:/Users/Gergs/Documents/Codex/2026-08-10/5-5/work/hardware-components-main/hardware-components-main/vendor/laravel/framework/src/Illuminate/Foundation/Http/Kernel.php(144): Illuminate/Foundation/Http/Kernel->sendRequestThroughRouter(Object(Illuminate/Http/Request))
#61 C:/Users/Gergs/Documents/Codex/2026-08-10/5-5/work/hardware-components-main/hardware-components-main/vendor/laravel/framework/src/Illuminate/Foundation/Application.php(1220): Illuminate/Foundation/Http/Kernel->handle(Object(Illuminate/Http/Request))
#62 C:/Users/Gergs/Documents/Codex/2026-08-10/5-5/work/hardware-components-main/hardware-components-main/public/index.php(20): Illuminate/Foundation/Application->handleRequest(Object(Illuminate/Http/Request))
#63 C:/Users/Gergs/Documents/Codex/2026-08-10/5-5/work/hardware-components-main/hardware-components-main/vendor/laravel/framework/src/Illuminate/Foundation/resources/server.php(23): require_once('C://Users//Gergs//...')
#64 {main}

[previous exception] [object] (Illuminate\\Foundation\\ViteManifestNotFoundException(code: 0): Vite manifest not found at: C:\\Users\\Gergs\\Documents\\Codex\\2026-08-10\\5-5\\work\\hardware-components-main\\hardware-components-main\\public\\build/manifest.json at C:/Users/Gergs/Documents/Codex/2026-08-10/5-5/work/hardware-components-main/hardware-components-main/vendor/laravel/framework/src/Illuminate/Foundation/Vite.php:946)
[stacktrace]
#0 C:/Users/Gergs/Documents/Codex/2026-08-10/5-5/work/hardware-components-main/hardware-components-main/vendor/laravel/framework/src/Illuminate/Foundation/Vite.php(384): Illuminate/Foundation/Vite->manifest('build')
#1 C:/Users/Gergs/Documents/Codex/2026-08-10/5-5/work/hardware-components-main/hardware-components-main/storage/framework/views/13e8362498abf6f643d67a78e4577c67.php(41): Illuminate/Foundation/Vite->__invoke(Object(Illuminate/Support/Collection))
#2 C:/Users/Gergs/Documents/Codex/2026-08-10/5-5/work/hardware-components-main/hardware-components-main/vendor/laravel/framework/src/Illuminate/Filesystem/Filesystem.php(123): require('C://Users//Gergs//...')
#3 C:/Users/Gergs/Documents/Codex/2026-08-10/5-5/work/hardware-components-main/hardware-components-main/vendor/laravel/framework/src/Illuminate/Filesystem/Filesystem.php(124): Illuminate/Filesystem/Filesystem::Illuminate/Filesystem/{closure}()
#4 C:/Users/Gergs/Documents/Codex/2026-08-10/5-5/work/hardware-components-main/hardware-components-main/vendor/laravel/framework/src/Illuminate/View/Engines/PhpEngine.php(57): Illuminate/Filesystem/Filesystem->getRequire('C://Users//Gergs//...', Array)
#5 C:/Users/Gergs/Documents/Codex/2026-08-10/5-5/work/hardware-components-main/hardware-components-main/vendor/laravel/framework/src/Illuminate/View/Engines/CompilerEngine.php(76): Illuminate/View/Engines/PhpEngine->evaluatePath('C://Users//Gergs//...', Array)
#6 C:/Users/Gergs/Documents/Codex/2026-08-10/5-5/work/hardware-components-main/hardware-components-main/vendor/laravel/framework/src/Illuminate/View/View.php(208): Illuminate/View/Engines/CompilerEngine->get('C://Users//Gergs//...', Array)
#7 C:/Users/Gergs/Documents/Codex/2026-08-10/5-5/work/hardware-components-main/hardware-components-main/vendor/laravel/framework/src/Illuminate/View/View.php(191): Illuminate/View/View->getContents()
#8 C:/Users/Gergs/Documents/Codex/2026-08-10/5-5/work/hardware-components-main/hardware-components-main/vendor/laravel/framework/src/Illuminate/View/View.php(160): Illuminate/View/View->renderContents()
#9 C:/Users/Gergs/Documents/Codex/2026-08-10/5-5/work/hardware-components-main/hardware-components-main/vendor/laravel/framework/src/Illuminate/View/Concerns/ManagesComponents.php(103): Illuminate/View/View->render()
#10 C:/Users/Gergs/Documents/Codex/2026-08-10/5-5/work/hardware-components-main/hardware-components-main/storage/framework/views/9262f7da8eaa99488cb54a3b29604c1a.php(60): Illuminate/View/Factory->renderComponent()
#11 C:/Users/Gergs/Documents/Codex/2026-08-10/5-5/work/hardware-components-main/hardware-components-main/vendor/laravel/framework/src/Illuminate/Filesystem/Filesystem.php(123): require('C://Users//Gergs//...')
#12 C:/Users/Gergs/Documents/Codex/2026-08-10/5-5/work/hardware-components-main/hardware-components-main/vendor/laravel/framework/src/Illuminate/Filesystem/Filesystem.php(124): Illuminate/Filesystem/Filesystem::Illuminate/Filesystem/{closure}()
#13 C:/Users/Gergs/Documents/Codex/2026-08-10/5-5/work/hardware-components-main/hardware-components-main/vendor/laravel/framework/src/Illuminate/View/Engines/PhpEngine.php(57): Illuminate/Filesystem/Filesystem->getRequire('C://Users//Gergs//...', Array)
#14 C:/Users/Gergs/Documents/Codex/2026-08-10/5-5/work/hardware-components-main/hardware-components-main/vendor/laravel/framework/src/Illuminate/View/Engines/CompilerEngine.php(76): Illuminate/View/Engines/PhpEngine->evaluatePath('C://Users//Gergs//...', Array)
#15 C:/Users/Gergs/Documents/Codex/2026-08-10/5-5/work/hardware-components-main/hardware-components-main/vendor/laravel/framework/src/Illuminate/View/View.php(208): Illuminate/View/Engines/CompilerEngine->get('C://Users//Gergs//...', Array)
#16 C:/Users/Gergs/Documents/Codex/2026-08-10/5-5/work/hardware-components-main/hardware-components-main/vendor/laravel/framework/src/Illuminate/View/View.php(191): Illuminate/View/View->getContents()
#17 C:/Users/Gergs/Documents/Codex/2026-08-10/5-5/work/hardware-components-main/hardware-components-main/vendor/laravel/framework/src/Illuminate/View/View.php(160): Illuminate/View/View->renderContents()
#18 C:/Users/Gergs/Documents/Codex/2026-08-10/5-5/work/hardware-components-main/hardware-components-main/vendor/laravel/framework/src/Illuminate/Http/Response.php(78): Illuminate/View/View->render()
#19 C:/Users/Gergs/Documents/Codex/2026-08-10/5-5/work/hardware-components-main/hardware-components-main/vendor/laravel/framework/src/Illuminate/Http/Response.php(34): Illuminate/Http/Response->setContent(Object(Illuminate/View/View))
#20 C:/Users/Gergs/Documents/Codex/2026-08-10/5-5/work/hardware-components-main/hardware-components-main/vendor/laravel/framework/src/Illuminate/Routing/Router.php(939): Illuminate/Http/Response->__construct(Object(Illuminate/View/View), 200, Array)
#21 C:/Users/Gergs/Documents/Codex/2026-08-10/5-5/work/hardware-components-main/hardware-components-main/vendor/laravel/framework/src/Illuminate/Routing/Router.php(906): Illuminate/Routing/Router::toResponse(Object(Illuminate/Http/Request), Object(Illuminate/View/View))
#22 C:/Users/Gergs/Documents/Codex/2026-08-10/5-5/work/hardware-components-main/hardware-components-main/vendor/laravel/framework/src/Illuminate/Routing/Router.php(821): Illuminate/Routing/Router->prepareResponse(Object(Illuminate/Http/Request), Object(Illuminate/View/View))
#23 C:/Users/Gergs/Documents/Codex/2026-08-10/5-5/work/hardware-components-main/hardware-components-main/vendor/laravel/framework/src/Illuminate/Pipeline/Pipeline.php(180): Illuminate/Routing/Router->Illuminate/Routing/{closure}(Object(Illuminate/Http/Request))
#24 C:/Users/Gergs/Documents/Codex/2026-08-10/5-5/work/hardware-components-main/hardware-components-main/vendor/laravel/framework/src/Illuminate/Routing/Middleware/SubstituteBindings.php(50): Illuminate/Pipeline/Pipeline->Illuminate/Pipeline/{closure}(Object(Illuminate/Http/Request))
#25 C:/Users/Gergs/Documents/Codex/2026-08-10/5-5/work/hardware-components-main/hardware-components-main/vendor/laravel/framework/src/Illuminate/Pipeline/Pipeline.php(219): Illuminate/Routing/Middleware/SubstituteBindings->handle(Object(Illuminate/Http/Request), Object(Closure))
#26 C:/Users/Gergs/Documents/Codex/2026-08-10/5-5/work/hardware-components-main/hardware-components-main/vendor/laravel/framework/src/Illuminate/Foundation/Http/Middleware/VerifyCsrfToken.php(87): Illuminate/Pipeline/Pipeline->Illuminate/Pipeline/{closure}(Object(Illuminate/Http/Request))
#27 C:/Users/Gergs/Documents/Codex/2026-08-10/5-5/work/hardware-components-main/hardware-components-main/vendor/laravel/framework/src/Illuminate/Pipeline/Pipeline.php(219): Illuminate/Foundation/Http/Middleware/VerifyCsrfToken->handle(Object(Illuminate/Http/Request), Object(Closure))
#28 C:/Users/Gergs/Documents/Codex/2026-08-10/5-5/work/hardware-components-main/hardware-components-main/vendor/laravel/framework/src/Illuminate/View/Middleware/ShareErrorsFromSession.php(48): Illuminate/Pipeline/Pipeline->Illuminate/Pipeline/{closure}(Object(Illuminate/Http/Request))
#29 C:/Users/Gergs/Documents/Codex/2026-08-10/5-5/work/hardware-components-main/hardware-components-main/vendor/laravel/framework/src/Illuminate/Pipeline/Pipeline.php(219): Illuminate/View/Middleware/ShareErrorsFromSession->handle(Object(Illuminate/Http/Request), Object(Closure))
#30 C:/Users/Gergs/Documents/Codex/2026-08-10/5-5/work/hardware-components-main/hardware-components-main/vendor/laravel/framework/src/Illuminate/Session/Middleware/StartSession.php(120): Illuminate/Pipeline/Pipeline->Illuminate/Pipeline/{closure}(Object(Illuminate/Http/Request))
#31 C:/Users/Gergs/Documents/Codex/2026-08-10/5-5/work/hardware-components-main/hardware-components-main/vendor/laravel/framework/src/Illuminate/Session/Middleware/StartSession.php(63): Illuminate/Session/Middleware/StartSession->handleStatefulRequest(Object(Illuminate/Http/Request), Object(Illuminate/Session/Store), Object(Closure))
#32 C:/Users/Gergs/Documents/Codex/2026-08-10/5-5/work/hardware-components-main/hardware-components-main/vendor/laravel/framework/src/Illuminate/Pipeline/Pipeline.php(219): Illuminate/Session/Middleware/StartSession->handle(Object(Illuminate/Http/Request), Object(Closure))
#33 C:/Users/Gergs/Documents/Codex/2026-08-10/5-5/work/hardware-components-main/hardware-components-main/vendor/laravel/framework/src/Illuminate/Cookie/Middleware/AddQueuedCookiesToResponse.php(36): Illuminate/Pipeline/Pipeline->Illuminate/Pipeline/{closure}(Object(Illuminate/Http/Request))
#34 C:/Users/Gergs/Documents/Codex/2026-08-10/5-5/work/hardware-components-main/hardware-components-main/vendor/laravel/framework/src/Illuminate/Pipeline/Pipeline.php(219): Illuminate/Cookie/Middleware/AddQueuedCookiesToResponse->handle(Object(Illuminate/Http/Request), Object(Closure))
#35 C:/Users/Gergs/Documents/Codex/2026-08-10/5-5/work/hardware-components-main/hardware-components-main/vendor/laravel/framework/src/Illuminate/Cookie/Middleware/EncryptCookies.php(74): Illuminate/Pipeline/Pipeline->Illuminate/Pipeline/{closure}(Object(Illuminate/Http/Request))
#36 C:/Users/Gergs/Documents/Codex/2026-08-10/5-5/work/hardware-components-main/hardware-components-main/vendor/laravel/framework/src/Illuminate/Pipeline/Pipeline.php(219): Illuminate/Cookie/Middleware/EncryptCookies->handle(Object(Illuminate/Http/Request), Object(Closure))
#37 C:/Users/Gergs/Documents/Codex/2026-08-10/5-5/work/hardware-components-main/hardware-components-main/vendor/laravel/framework/src/Illuminate/Pipeline/Pipeline.php(137): Illuminate/Pipeline/Pipeline->Illuminate/Pipeline/{closure}(Object(Illuminate/Http/Request))
#38 C:/Users/Gergs/Documents/Codex/2026-08-10/5-5/work/hardware-components-main/hardware-components-main/vendor/laravel/framework/src/Illuminate/Routing/Router.php(821): Illuminate/Pipeline/Pipeline->then(Object(Closure))
#39 C:/Users/Gergs/Documents/Codex/2026-08-10/5-5/work/hardware-components-main/hardware-components-main/vendor/laravel/framework/src/Illuminate/Routing/Router.php(800): Illuminate/Routing/Router->runRouteWithinStack(Object(Illuminate/Routing/Route), Object(Illuminate/Http/Request))
#40 C:/Users/Gergs/Documents/Codex/2026-08-10/5-5/work/hardware-components-main/hardware-components-main/vendor/laravel/framework/src/Illuminate/Routing/Router.php(764): Illuminate/Routing/Router->runRoute(Object(Illuminate/Http/Request), Object(Illuminate/Routing/Route))
#41 C:/Users/Gergs/Documents/Codex/2026-08-10/5-5/work/hardware-components-main/hardware-components-main/vendor/laravel/framework/src/Illuminate/Routing/Router.php(753): Illuminate/Routing/Router->dispatchToRoute(Object(Illuminate/Http/Request))
#42 C:/Users/Gergs/Documents/Codex/2026-08-10/5-5/work/hardware-components-main/hardware-components-main/vendor/laravel/framework/src/Illuminate/Foundation/Http/Kernel.php(200): Illuminate/Routing/Router->dispatch(Object(Illuminate/Http/Request))
#43 C:/Users/Gergs/Documents/Codex/2026-08-10/5-5/work/hardware-components-main/hardware-components-main/vendor/laravel/framework/src/Illuminate/Pipeline/Pipeline.php(180): Illuminate/Foundation/Http/Kernel->Illuminate/Foundation/Http/{closure}(Object(Illuminate/Http/Request))
#44 C:/Users/Gergs/Documents/Codex/2026-08-10/5-5/work/hardware-components-main/hardware-components-main/vendor/laravel/framework/src/Illuminate/Foundation/Http/Middleware/TransformsRequest.php(21): Illuminate/Pipeline/Pipeline->Illuminate/Pipeline/{closure}(Object(Illuminate/Http/Request))
#45 C:/Users/Gergs/Documents/Codex/2026-08-10/5-5/work/hardware-components-main/hardware-components-main/vendor/laravel/framework/src/Illuminate/Foundation/Http/Middleware/ConvertEmptyStringsToNull.php(31): Illuminate/Foundation/Http/Middleware/TransformsRequest->handle(Object(Illuminate/Http/Request), Object(Closure))
#46 C:/Users/Gergs/Documents/Codex/2026-08-10/5-5/work/hardware-components-main/hardware-components-main/vendor/laravel/framework/src/Illuminate/Pipeline/Pipeline.php(219): Illuminate/Foundation/Http/Middleware/ConvertEmptyStringsToNull->handle(Object(Illuminate/Http/Request), Object(Closure))
#47 C:/Users/Gergs/Documents/Codex/2026-08-10/5-5/work/hardware-components-main/hardware-components-main/vendor/laravel/framework/src/Illuminate/Foundation/Http/Middleware/TransformsRequest.php(21): Illuminate/Pipeline/Pipeline->Illuminate/Pipeline/{closure}(Object(Illuminate/Http/Request))
#48 C:/Users/Gergs/Documents/Codex/2026-08-10/5-5/work/hardware-components-main/hardware-components-main/vendor/laravel/framework/src/Illuminate/Foundation/Http/Middleware/TrimStrings.php(51): Illuminate/Foundation/Http/Middleware/TransformsRequest->handle(Object(Illuminate/Http/Request), Object(Closure))
#49 C:/Users/Gergs/Documents/Codex/2026-08-10/5-5/work/hardware-components-main/hardware-components-main/vendor/laravel/framework/src/Illuminate/Pipeline/Pipeline.php(219): Illuminate/Foundation/Http/Middleware/TrimStrings->handle(Object(Illuminate/Http/Request), Object(Closure))
#50 C:/Users/Gergs/Documents/Codex/2026-08-10/5-5/work/hardware-components-main/hardware-components-main/vendor/laravel/framework/src/Illuminate/Http/Middleware/ValidatePostSize.php(27): Illuminate/Pipeline/Pipeline->Illuminate/Pipeline/{closure}(Object(Illuminate/Http/Request))
#51 C:/Users/Gergs/Documents/Codex/2026-08-10/5-5/work/hardware-components-main/hardware-components-main/vendor/laravel/framework/src/Illuminate/Pipeline/Pipeline.php(219): Illuminate/Http/Middleware/ValidatePostSize->handle(Object(Illuminate/Http/Request), Object(Closure))
#52 C:/Users/Gergs/Documents/Codex/2026-08-10/5-5/work/hardware-components-main/hardware-components-main/vendor/laravel/framework/src/Illuminate/Foundation/Http/Middleware/PreventRequestsDuringMaintenance.php(109): Illuminate/Pipeline/Pipeline->Illuminate/Pipeline/{closure}(Object(Illuminate/Http/Request))
#53 C:/Users/Gergs/Documents/Codex/2026-08-10/5-5/work/hardware-components-main/hardware-components-main/vendor/laravel/framework/src/Illuminate/Pipeline/Pipeline.php(219): Illuminate/Foundation/Http/Middleware/PreventRequestsDuringMaintenance->handle(Object(Illuminate/Http/Request), Object(Closure))
#54 C:/Users/Gergs/Documents/Codex/2026-08-10/5-5/work/hardware-components-main/hardware-components-main/vendor/laravel/framework/src/Illuminate/Http/Middleware/HandleCors.php(61): Illuminate/Pipeline/Pipeline->Illuminate/Pipeline/{closure}(Object(Illuminate/Http/Request))
#55 C:/Users/Gergs/Documents/Codex/2026-08-10/5-5/work/hardware-components-main/hardware-components-main/vendor/laravel/framework/src/Illuminate/Pipeline/Pipeline.php(219): Illuminate/Http/Middleware/HandleCors->handle(Object(Illuminate/Http/Request), Object(Closure))
#56 C:/Users/Gergs/Documents/Codex/2026-08-10/5-5/work/hardware-components-main/hardware-components-main/vendor/laravel/framework/src/Illuminate/Http/Middleware/TrustProxies.php(58): Illuminate/Pipeline/Pipeline->Illuminate/Pipeline/{closure}(Object(Illuminate/Http/Request))
#57 C:/Users/Gergs/Documents/Codex/2026-08-10/5-5/work/hardware-components-main/hardware-components-main/vendor/laravel/framework/src/Illuminate/Pipeline/Pipeline.php(219): Illuminate/Http/Middleware/TrustProxies->handle(Object(Illuminate/Http/Request), Object(Closure))
#58 C:/Users/Gergs/Documents/Codex/2026-08-10/5-5/work/hardware-components-main/hardware-components-main/vendor/laravel/framework/src/Illuminate/Foundation/Http/Middleware/InvokeDeferredCallbacks.php(22): Illuminate/Pipeline/Pipeline->Illuminate/Pipeline/{closure}(Object(Illuminate/Http/Request))
#59 C:/Users/Gergs/Documents/Codex/2026-08-10/5-5/work/hardware-components-main/hardware-components-main/vendor/laravel/framework/src/Illuminate/Pipeline/Pipeline.php(219): Illuminate/Foundation/Http/Middleware/InvokeDeferredCallbacks->handle(Object(Illuminate/Http/Request), Object(Closure))
#60 C:/Users/Gergs/Documents/Codex/2026-08-10/5-5/work/hardware-components-main/hardware-components-main/vendor/laravel/framework/src/Illuminate/Http/Middleware/ValidatePathEncoding.php(26): Illuminate/Pipeline/Pipeline->Illuminate/Pipeline/{closure}(Object(Illuminate/Http/Request))
#61 C:/Users/Gergs/Documents/Codex/2026-08-10/5-5/work/hardware-components-main/hardware-components-main/vendor/laravel/framework/src/Illuminate/Pipeline/Pipeline.php(219): Illuminate/Http/Middleware/ValidatePathEncoding->handle(Object(Illuminate/Http/Request), Object(Closure))
#62 C:/Users/Gergs/Documents/Codex/2026-08-10/5-5/work/hardware-components-main/hardware-components-main/vendor/laravel/framework/src/Illuminate/Pipeline/Pipeline.php(137): Illuminate/Pipeline/Pipeline->Illuminate/Pipeline/{closure}(Object(Illuminate/Http/Request))
#63 C:/Users/Gergs/Documents/Codex/2026-08-10/5-5/work/hardware-components-main/hardware-components-main/vendor/laravel/framework/src/Illuminate/Foundation/Http/Kernel.php(175): Illuminate/Pipeline/Pipeline->then(Object(Closure))
#64 C:/Users/Gergs/Documents/Codex/2026-08-10/5-5/work/hardware-components-main/hardware-components-main/vendor/laravel/framework/src/Illuminate/Foundation/Http/Kernel.php(144): Illuminate/Foundation/Http/Kernel->sendRequestThroughRouter(Object(Illuminate/Http/Request))
#65 C:/Users/Gergs/Documents/Codex/2026-08-10/5-5/work/hardware-components-main/hardware-components-main/vendor/laravel/framework/src/Illuminate/Foundation/Application.php(1220): Illuminate/Foundation/Http/Kernel->handle(Object(Illuminate/Http/Request))
#66 C:/Users/Gergs/Documents/Codex/2026-08-10/5-5/work/hardware-components-main/hardware-components-main/public/index.php(20): Illuminate/Foundation/Application->handleRequest(Object(Illuminate/Http/Request))
#67 C:/Users/Gergs/Documents/Codex/2026-08-10/5-5/work/hardware-components-main/hardware-components-main/vendor/laravel/framework/src/Illuminate/Foundation/resources/server.php(23): require_once('C://Users//Gergs//...')
#68 {main}
"} 
[2026-08-09 22:15:36] local.ERROR: SQLSTATE[23000]: Integrity constraint violation: 19 NOT NULL constraint failed: users.first_name (Connection: sqlite, Database: C:\Users\Gergs\Documents\Codex\2026-08-10\5-5\work\hardware-components-main\hardware-components-main\database\database.sqlite, SQL: insert into "users" ("name", "email", "password", "updated_at", "created_at") values (Demo Customer, customer@example.com, $2y$12$TrNhXOc4Id3ezdvrvVHZGu5dl/mc34TPWOEL0ivZRVGyUCrc0Y3zm, 2026-08-09 22:15:36, 2026-08-09 22:15:36)) {"exception":"[object] (Illuminate\\Database\\QueryException(code: 23000): SQLSTATE[23000]: Integrity constraint violation: 19 NOT NULL constraint failed: users.first_name (Connection: sqlite, Database: C:\\Users\\Gergs\\Documents\\Codex\\2026-08-10\\5-5\\work\\hardware-components-main\\hardware-components-main\\database\\database.sqlite, SQL: insert into \"users\" (\"name\", \"email\", \"password\", \"updated_at\", \"created_at\") values (Demo Customer, customer@example.com, $2y$12$TrNhXOc4Id3ezdvrvVHZGu5dl/mc34TPWOEL0ivZRVGyUCrc0Y3zm, 2026-08-09 22:15:36, 2026-08-09 22:15:36)) at C:/Users/Gergs/Documents/Codex/2026-08-10/5-5/work/hardware-components-main/hardware-components-main/vendor/laravel/framework/src/Illuminate/Database/Connection.php:838)
[stacktrace]
#0 C:/Users/Gergs/Documents/Codex/2026-08-10/5-5/work/hardware-components-main/hardware-components-main/vendor/laravel/framework/src/Illuminate/Database/Connection.php(794): Illuminate/Database/Connection->runQueryCallback('insert into \"us...', Array, Object(Closure))
#1 C:/Users/Gergs/Documents/Codex/2026-08-10/5-5/work/hardware-components-main/hardware-components-main/vendor/laravel/framework/src/Illuminate/Database/Connection.php(573): Illuminate/Database/Connection->run('insert into \"us...', Array, Object(Closure))
#2 C:/Users/Gergs/Documents/Codex/2026-08-10/5-5/work/hardware-components-main/hardware-components-main/vendor/laravel/framework/src/Illuminate/Database/Connection.php(537): Illuminate/Database/Connection->statement('insert into \"us...', Array)
#3 C:/Users/Gergs/Documents/Codex/2026-08-10/5-5/work/hardware-components-main/hardware-components-main/vendor/laravel/framework/src/Illuminate/Database/Query/Processors/Processor.php(32): Illuminate/Database/Connection->insert('insert into \"us...', Array)
#4 C:/Users/Gergs/Documents/Codex/2026-08-10/5-5/work/hardware-components-main/hardware-components-main/vendor/laravel/framework/src/Illuminate/Database/Query/Builder.php(4170): Illuminate/Database/Query/Processors/Processor->processInsertGetId(Object(Illuminate/Database/Query/Builder), 'insert into \"us...', Array, 'id')
#5 C:/Users/Gergs/Documents/Codex/2026-08-10/5-5/work/hardware-components-main/hardware-components-main/vendor/laravel/framework/src/Illuminate/Database/Eloquent/Builder.php(2237): Illuminate/Database/Query/Builder->insertGetId(Array, 'id')
#6 C:/Users/Gergs/Documents/Codex/2026-08-10/5-5/work/hardware-components-main/hardware-components-main/vendor/laravel/framework/src/Illuminate/Database/Eloquent/Model.php(1436): Illuminate/Database/Eloquent/Builder->__call('insertGetId', Array)
#7 C:/Users/Gergs/Documents/Codex/2026-08-10/5-5/work/hardware-components-main/hardware-components-main/vendor/laravel/framework/src/Illuminate/Database/Eloquent/Model.php(1401): Illuminate/Database/Eloquent/Model->insertAndSetId(Object(Illuminate/Database/Eloquent/Builder), Array)
#8 C:/Users/Gergs/Documents/Codex/2026-08-10/5-5/work/hardware-components-main/hardware-components-main/vendor/laravel/framework/src/Illuminate/Database/Eloquent/Model.php(1240): Illuminate/Database/Eloquent/Model->performInsert(Object(Illuminate/Database/Eloquent/Builder))
#9 C:/Users/Gergs/Documents/Codex/2026-08-10/5-5/work/hardware-components-main/hardware-components-main/vendor/laravel/framework/src/Illuminate/Database/Eloquent/Builder.php(1219): Illuminate/Database/Eloquent/Model->save()
#10 C:/Users/Gergs/Documents/Codex/2026-08-10/5-5/work/hardware-components-main/hardware-components-main/vendor/laravel/framework/src/Illuminate/Support/helpers.php(393): Illuminate/Database/Eloquent/Builder->Illuminate/Database/Eloquent/{closure}(Object(App/Models/User))
#11 C:/Users/Gergs/Documents/Codex/2026-08-10/5-5/work/hardware-components-main/hardware-components-main/vendor/laravel/framework/src/Illuminate/Database/Eloquent/Builder.php(1218): tap(Object(App/Models/User), Object(Closure))
#12 C:/Users/Gergs/Documents/Codex/2026-08-10/5-5/work/hardware-components-main/hardware-components-main/vendor/laravel/framework/src/Illuminate/Support/Traits/ForwardsCalls.php(23): Illuminate/Database/Eloquent/Builder->create(Array)
#13 C:/Users/Gergs/Documents/Codex/2026-08-10/5-5/work/hardware-components-main/hardware-components-main/vendor/laravel/framework/src/Illuminate/Database/Eloquent/Model.php(2544): Illuminate/Database/Eloquent/Model->forwardCallTo(Object(Illuminate/Database/Eloquent/Builder), 'create', Array)
#14 C:/Users/Gergs/Documents/Codex/2026-08-10/5-5/work/hardware-components-main/hardware-components-main/vendor/laravel/framework/src/Illuminate/Database/Eloquent/Model.php(2560): Illuminate/Database/Eloquent/Model->__call('create', Array)
#15 C:/Users/Gergs/Documents/Codex/2026-08-10/5-5/work/hardware-components-main/hardware-components-main/app/Http/Controllers/ShoppingController.php(226): Illuminate/Database/Eloquent/Model::__callStatic('create', Array)
#16 C:/Users/Gergs/Documents/Codex/2026-08-10/5-5/work/hardware-components-main/hardware-components-main/app/Http/Controllers/ShoppingController.php(215): App/Http/Controllers/ShoppingController->userId()
#17 C:/Users/Gergs/Documents/Codex/2026-08-10/5-5/work/hardware-components-main/hardware-components-main/app/Http/Controllers/ShoppingController.php(49): App/Http/Controllers/ShoppingController->getActiveCart()
#18 C:/Users/Gergs/Documents/Codex/2026-08-10/5-5/work/hardware-components-main/hardware-components-main/vendor/laravel/framework/src/Illuminate/Routing/ControllerDispatcher.php(46): App/Http/Controllers/ShoppingController->addToCart(Object(Illuminate/Http/Request), Object(App/Models/Product))
#19 C:/Users/Gergs/Documents/Codex/2026-08-10/5-5/work/hardware-components-main/hardware-components-main/vendor/laravel/framework/src/Illuminate/Routing/Route.php(265): Illuminate/Routing/ControllerDispatcher->dispatch(Object(Illuminate/Routing/Route), Object(App/Http/Controllers/ShoppingController), 'addToCart')
#20 C:/Users/Gergs/Documents/Codex/2026-08-10/5-5/work/hardware-components-main/hardware-components-main/vendor/laravel/framework/src/Illuminate/Routing/Route.php(211): Illuminate/Routing/Route->runController()
#21 C:/Users/Gergs/Documents/Codex/2026-08-10/5-5/work/hardware-components-main/hardware-components-main/vendor/laravel/framework/src/Illuminate/Routing/Router.php(822): Illuminate/Routing/Route->run()
#22 C:/Users/Gergs/Documents/Codex/2026-08-10/5-5/work/hardware-components-main/hardware-components-main/vendor/laravel/framework/src/Illuminate/Pipeline/Pipeline.php(180): Illuminate/Routing/Router->Illuminate/Routing/{closure}(Object(Illuminate/Http/Request))
#23 C:/Users/Gergs/Documents/Codex/2026-08-10/5-5/work/hardware-components-main/hardware-components-main/vendor/laravel/framework/src/Illuminate/Routing/Middleware/SubstituteBindings.php(50): Illuminate/Pipeline/Pipeline->Illuminate/Pipeline/{closure}(Object(Illuminate/Http/Request))
#24 C:/Users/Gergs/Documents/Codex/2026-08-10/5-5/work/hardware-components-main/hardware-components-main/vendor/laravel/framework/src/Illuminate/Pipeline/Pipeline.php(219): Illuminate/Routing/Middleware/SubstituteBindings->handle(Object(Illuminate/Http/Request), Object(Closure))
#25 C:/Users/Gergs/Documents/Codex/2026-08-10/5-5/work/hardware-components-main/hardware-components-main/vendor/laravel/framework/src/Illuminate/Foundation/Http/Middleware/VerifyCsrfToken.php(87): Illuminate/Pipeline/Pipeline->Illuminate/Pipeline/{closure}(Object(Illuminate/Http/Request))
#26 C:/Users/Gergs/Documents/Codex/2026-08-10/5-5/work/hardware-components-main/hardware-components-main/vendor/laravel/framework/src/Illuminate/Pipeline/Pipeline.php(219): Illuminate/Foundation/Http/Middleware/VerifyCsrfToken->handle(Object(Illuminate/Http/Request), Object(Closure))
#27 C:/Users/Gergs/Documents/Codex/2026-08-10/5-5/work/hardware-components-main/hardware-components-main/vendor/laravel/framework/src/Illuminate/View/Middleware/ShareErrorsFromSession.php(48): Illuminate/Pipeline/Pipeline->Illuminate/Pipeline/{closure}(Object(Illuminate/Http/Request))
#28 C:/Users/Gergs/Documents/Codex/2026-08-10/5-5/work/hardware-components-main/hardware-components-main/vendor/laravel/framework/src/Illuminate/Pipeline/Pipeline.php(219): Illuminate/View/Middleware/ShareErrorsFromSession->handle(Object(Illuminate/Http/Request), Object(Closure))
#29 C:/Users/Gergs/Documents/Codex/2026-08-10/5-5/work/hardware-components-main/hardware-components-main/vendor/laravel/framework/src/Illuminate/Session/Middleware/StartSession.php(120): Illuminate/Pipeline/Pipeline->Illuminate/Pipeline/{closure}(Object(Illuminate/Http/Request))
#30 C:/Users/Gergs/Documents/Codex/2026-08-10/5-5/work/hardware-components-main/hardware-components-main/vendor/laravel/framework/src/Illuminate/Session/Middleware/StartSession.php(63): Illuminate/Session/Middleware/StartSession->handleStatefulRequest(Object(Illuminate/Http/Request), Object(Illuminate/Session/Store), Object(Closure))
#31 C:/Users/Gergs/Documents/Codex/2026-08-10/5-5/work/hardware-components-main/hardware-components-main/vendor/laravel/framework/src/Illuminate/Pipeline/Pipeline.php(219): Illuminate/Session/Middleware/StartSession->handle(Object(Illuminate/Http/Request), Object(Closure))
#32 C:/Users/Gergs/Documents/Codex/2026-08-10/5-5/work/hardware-components-main/hardware-components-main/vendor/laravel/framework/src/Illuminate/Cookie/Middleware/AddQueuedCookiesToResponse.php(36): Illuminate/Pipeline/Pipeline->Illuminate/Pipeline/{closure}(Object(Illuminate/Http/Request))
#33 C:/Users/Gergs/Documents/Codex/2026-08-10/5-5/work/hardware-components-main/hardware-components-main/vendor/laravel/framework/src/Illuminate/Pipeline/Pipeline.php(219): Illuminate/Cookie/Middleware/AddQueuedCookiesToResponse->handle(Object(Illuminate/Http/Request), Object(Closure))
#34 C:/Users/Gergs/Documents/Codex/2026-08-10/5-5/work/hardware-components-main/hardware-components-main/vendor/laravel/framework/src/Illuminate/Cookie/Middleware/EncryptCookies.php(74): Illuminate/Pipeline/Pipeline->Illuminate/Pipeline/{closure}(Object(Illuminate/Http/Request))
#35 C:/Users/Gergs/Documents/Codex/2026-08-10/5-5/work/hardware-components-main/hardware-components-main/vendor/laravel/framework/src/Illuminate/Pipeline/Pipeline.php(219): Illuminate/Cookie/Middleware/EncryptCookies->handle(Object(Illuminate/Http/Request), Object(Closure))
#36 C:/Users/Gergs/Documents/Codex/2026-08-10/5-5/work/hardware-components-main/hardware-components-main/vendor/laravel/framework/src/Illuminate/Pipeline/Pipeline.php(137): Illuminate/Pipeline/Pipeline->Illuminate/Pipeline/{closure}(Object(Illuminate/Http/Request))
#37 C:/Users/Gergs/Documents/Codex/2026-08-10/5-5/work/hardware-components-main/hardware-components-main/vendor/laravel/framework/src/Illuminate/Routing/Router.php(821): Illuminate/Pipeline/Pipeline->then(Object(Closure))
#38 C:/Users/Gergs/Documents/Codex/2026-08-10/5-5/work/hardware-components-main/hardware-components-main/vendor/laravel/framework/src/Illuminate/Routing/Router.php(800): Illuminate/Routing/Router->runRouteWithinStack(Object(Illuminate/Routing/Route), Object(Illuminate/Http/Request))
#39 C:/Users/Gergs/Documents/Codex/2026-08-10/5-5/work/hardware-components-main/hardware-components-main/vendor/laravel/framework/src/Illuminate/Routing/Router.php(764): Illuminate/Routing/Router->runRoute(Object(Illuminate/Http/Request), Object(Illuminate/Routing/Route))
#40 C:/Users/Gergs/Documents/Codex/2026-08-10/5-5/work/hardware-components-main/hardware-components-main/vendor/laravel/framework/src/Illuminate/Routing/Router.php(753): Illuminate/Routing/Router->dispatchToRoute(Object(Illuminate/Http/Request))
#41 C:/Users/Gergs/Documents/Codex/2026-08-10/5-5/work/hardware-components-main/hardware-components-main/vendor/laravel/framework/src/Illuminate/Foundation/Http/Kernel.php(200): Illuminate/Routing/Router->dispatch(Object(Illuminate/Http/Request))
#42 C:/Users/Gergs/Documents/Codex/2026-08-10/5-5/work/hardware-components-main/hardware-components-main/vendor/laravel/framework/src/Illuminate/Pipeline/Pipeline.php(180): Illuminate/Foundation/Http/Kernel->Illuminate/Foundation/Http/{closure}(Object(Illuminate/Http/Request))
#43 C:/Users/Gergs/Documents/Codex/2026-08-10/5-5/work/hardware-components-main/hardware-components-main/vendor/laravel/framework/src/Illuminate/Foundation/Http/Middleware/TransformsRequest.php(21): Illuminate/Pipeline/Pipeline->Illuminate/Pipeline/{closure}(Object(Illuminate/Http/Request))
#44 C:/Users/Gergs/Documents/Codex/2026-08-10/5-5/work/hardware-components-main/hardware-components-main/vendor/laravel/framework/src/Illuminate/Foundation/Http/Middleware/ConvertEmptyStringsToNull.php(31): Illuminate/Foundation/Http/Middleware/TransformsRequest->handle(Object(Illuminate/Http/Request), Object(Closure))
#45 C:/Users/Gergs/Documents/Codex/2026-08-10/5-5/work/hardware-components-main/hardware-components-main/vendor/laravel/framework/src/Illuminate/Pipeline/Pipeline.php(219): Illuminate/Foundation/Http/Middleware/ConvertEmptyStringsToNull->handle(Object(Illuminate/Http/Request), Object(Closure))
#46 C:/Users/Gergs/Documents/Codex/2026-08-10/5-5/work/hardware-components-main/hardware-components-main/vendor/laravel/framework/src/Illuminate/Foundation/Http/Middleware/TransformsRequest.php(21): Illuminate/Pipeline/Pipeline->Illuminate/Pipeline/{closure}(Object(Illuminate/Http/Request))
#47 C:/Users/Gergs/Documents/Codex/2026-08-10/5-5/work/hardware-components-main/hardware-components-main/vendor/laravel/framework/src/Illuminate/Foundation/Http/Middleware/TrimStrings.php(51): Illuminate/Foundation/Http/Middleware/TransformsRequest->handle(Object(Illuminate/Http/Request), Object(Closure))
#48 C:/Users/Gergs/Documents/Codex/2026-08-10/5-5/work/hardware-components-main/hardware-components-main/vendor/laravel/framework/src/Illuminate/Pipeline/Pipeline.php(219): Illuminate/Foundation/Http/Middleware/TrimStrings->handle(Object(Illuminate/Http/Request), Object(Closure))
#49 C:/Users/Gergs/Documents/Codex/2026-08-10/5-5/work/hardware-components-main/hardware-components-main/vendor/laravel/framework/src/Illuminate/Http/Middleware/ValidatePostSize.php(27): Illuminate/Pipeline/Pipeline->Illuminate/Pipeline/{closure}(Object(Illuminate/Http/Request))
#50 C:/Users/Gergs/Documents/Codex/2026-08-10/5-5/work/hardware-components-main/hardware-components-main/vendor/laravel/framework/src/Illuminate/Pipeline/Pipeline.php(219): Illuminate/Http/Middleware/ValidatePostSize->handle(Object(Illuminate/Http/Request), Object(Closure))
#51 C:/Users/Gergs/Documents/Codex/2026-08-10/5-5/work/hardware-components-main/hardware-components-main/vendor/laravel/framework/src/Illuminate/Foundation/Http/Middleware/PreventRequestsDuringMaintenance.php(109): Illuminate/Pipeline/Pipeline->Illuminate/Pipeline/{closure}(Object(Illuminate/Http/Request))
#52 C:/Users/Gergs/Documents/Codex/2026-08-10/5-5/work/hardware-components-main/hardware-components-main/vendor/laravel/framework/src/Illuminate/Pipeline/Pipeline.php(219): Illuminate/Foundation/Http/Middleware/PreventRequestsDuringMaintenance->handle(Object(Illuminate/Http/Request), Object(Closure))
#53 C:/Users/Gergs/Documents/Codex/2026-08-10/5-5/work/hardware-components-main/hardware-components-main/vendor/laravel/framework/src/Illuminate/Http/Middleware/HandleCors.php(61): Illuminate/Pipeline/Pipeline->Illuminate/Pipeline/{closure}(Object(Illuminate/Http/Request))
#54 C:/Users/Gergs/Documents/Codex/2026-08-10/5-5/work/hardware-components-main/hardware-components-main/vendor/laravel/framework/src/Illuminate/Pipeline/Pipeline.php(219): Illuminate/Http/Middleware/HandleCors->handle(Object(Illuminate/Http/Request), Object(Closure))
#55 C:/Users/Gergs/Documents/Codex/2026-08-10/5-5/work/hardware-components-main/hardware-components-main/vendor/laravel/framework/src/Illuminate/Http/Middleware/TrustProxies.php(58): Illuminate/Pipeline/Pipeline->Illuminate/Pipeline/{closure}(Object(Illuminate/Http/Request))
#56 C:/Users/Gergs/Documents/Codex/2026-08-10/5-5/work/hardware-components-main/hardware-components-main/vendor/laravel/framework/src/Illuminate/Pipeline/Pipeline.php(219): Illuminate/Http/Middleware/TrustProxies->handle(Object(Illuminate/Http/Request), Object(Closure))
#57 C:/Users/Gergs/Documents/Codex/2026-08-10/5-5/work/hardware-components-main/hardware-components-main/vendor/laravel/framework/src/Illuminate/Foundation/Http/Middleware/InvokeDeferredCallbacks.php(22): Illuminate/Pipeline/Pipeline->Illuminate/Pipeline/{closure}(Object(Illuminate/Http/Request))
#58 C:/Users/Gergs/Documents/Codex/2026-08-10/5-5/work/hardware-components-main/hardware-components-main/vendor/laravel/framework/src/Illuminate/Pipeline/Pipeline.php(219): Illuminate/Foundation/Http/Middleware/InvokeDeferredCallbacks->handle(Object(Illuminate/Http/Request), Object(Closure))
#59 C:/Users/Gergs/Documents/Codex/2026-08-10/5-5/work/hardware-components-main/hardware-components-main/vendor/laravel/framework/src/Illuminate/Http/Middleware/ValidatePathEncoding.php(26): Illuminate/Pipeline/Pipeline->Illuminate/Pipeline/{closure}(Object(Illuminate/Http/Request))
#60 C:/Users/Gergs/Documents/Codex/2026-08-10/5-5/work/hardware-components-main/hardware-components-main/vendor/laravel/framework/src/Illuminate/Pipeline/Pipeline.php(219): Illuminate/Http/Middleware/ValidatePathEncoding->handle(Object(Illuminate/Http/Request), Object(Closure))
#61 C:/Users/Gergs/Documents/Codex/2026-08-10/5-5/work/hardware-components-main/hardware-components-main/vendor/laravel/framework/src/Illuminate/Pipeline/Pipeline.php(137): Illuminate/Pipeline/Pipeline->Illuminate/Pipeline/{closure}(Object(Illuminate/Http/Request))
#62 C:/Users/Gergs/Documents/Codex/2026-08-10/5-5/work/hardware-components-main/hardware-components-main/vendor/laravel/framework/src/Illuminate/Foundation/Http/Kernel.php(175): Illuminate/Pipeline/Pipeline->then(Object(Closure))
#63 C:/Users/Gergs/Documents/Codex/2026-08-10/5-5/work/hardware-components-main/hardware-components-main/vendor/laravel/framework/src/Illuminate/Foundation/Http/Kernel.php(144): Illuminate/Foundation/Http/Kernel->sendRequestThroughRouter(Object(Illuminate/Http/Request))
#64 C:/Users/Gergs/Documents/Codex/2026-08-10/5-5/work/hardware-components-main/hardware-components-main/vendor/laravel/framework/src/Illuminate/Foundation/Application.php(1220): Illuminate/Foundation/Http/Kernel->handle(Object(Illuminate/Http/Request))
#65 C:/Users/Gergs/Documents/Codex/2026-08-10/5-5/work/hardware-components-main/hardware-components-main/public/index.php(20): Illuminate/Foundation/Application->handleRequest(Object(Illuminate/Http/Request))
#66 C:/Users/Gergs/Documents/Codex/2026-08-10/5-5/work/hardware-components-main/hardware-components-main/vendor/laravel/framework/src/Illuminate/Foundation/resources/server.php(23): require_once('C://Users//Gergs//...')
#67 {main}

[previous exception] [object] (PDOException(code: 23000): SQLSTATE[23000]: Integrity constraint violation: 19 NOT NULL constraint failed: users.first_name at C:/Users/Gergs/Documents/Codex/2026-08-10/5-5/work/hardware-components-main/hardware-components-main/vendor/laravel/framework/src/Illuminate/Database/Connection.php:584)
[stacktrace]
#0 C:/Users/Gergs/Documents/Codex/2026-08-10/5-5/work/hardware-components-main/hardware-components-main/vendor/laravel/framework/src/Illuminate/Database/Connection.php(584): PDOStatement->execute()
#1 C:/Users/Gergs/Documents/Codex/2026-08-10/5-5/work/hardware-components-main/hardware-components-main/vendor/laravel/framework/src/Illuminate/Database/Connection.php(827): Illuminate/Database/Connection->Illuminate/Database/{closure}('insert into \"us...', Array)
#2 C:/Users/Gergs/Documents/Codex/2026-08-10/5-5/work/hardware-components-main/hardware-components-main/vendor/laravel/framework/src/Illuminate/Database/Connection.php(794): Illuminate/Database/Connection->runQueryCallback('insert into \"us...', Array, Object(Closure))
#3 C:/Users/Gergs/Documents/Codex/2026-08-10/5-5/work/hardware-components-main/hardware-components-main/vendor/laravel/framework/src/Illuminate/Database/Connection.php(573): Illuminate/Database/Connection->run('insert into \"us...', Array, Object(Closure))
#4 C:/Users/Gergs/Documents/Codex/2026-08-10/5-5/work/hardware-components-main/hardware-components-main/vendor/laravel/framework/src/Illuminate/Database/Connection.php(537): Illuminate/Database/Connection->statement('insert into \"us...', Array)
#5 C:/Users/Gergs/Documents/Codex/2026-08-10/5-5/work/hardware-components-main/hardware-components-main/vendor/laravel/framework/src/Illuminate/Database/Query/Processors/Processor.php(32): Illuminate/Database/Connection->insert('insert into \"us...', Array)
#6 C:/Users/Gergs/Documents/Codex/2026-08-10/5-5/work/hardware-components-main/hardware-components-main/vendor/laravel/framework/src/Illuminate/Database/Query/Builder.php(4170): Illuminate/Database/Query/Processors/Processor->processInsertGetId(Object(Illuminate/Database/Query/Builder), 'insert into \"us...', Array, 'id')
#7 C:/Users/Gergs/Documents/Codex/2026-08-10/5-5/work/hardware-components-main/hardware-components-main/vendor/laravel/framework/src/Illuminate/Database/Eloquent/Builder.php(2237): Illuminate/Database/Query/Builder->insertGetId(Array, 'id')
#8 C:/Users/Gergs/Documents/Codex/2026-08-10/5-5/work/hardware-components-main/hardware-components-main/vendor/laravel/framework/src/Illuminate/Database/Eloquent/Model.php(1436): Illuminate/Database/Eloquent/Builder->__call('insertGetId', Array)
#9 C:/Users/Gergs/Documents/Codex/2026-08-10/5-5/work/hardware-components-main/hardware-components-main/vendor/laravel/framework/src/Illuminate/Database/Eloquent/Model.php(1401): Illuminate/Database/Eloquent/Model->insertAndSetId(Object(Illuminate/Database/Eloquent/Builder), Array)
#10 C:/Users/Gergs/Documents/Codex/2026-08-10/5-5/work/hardware-components-main/hardware-components-main/vendor/laravel/framework/src/Illuminate/Database/Eloquent/Model.php(1240): Illuminate/Database/Eloquent/Model->performInsert(Object(Illuminate/Database/Eloquent/Builder))
#11 C:/Users/Gergs/Documents/Codex/2026-08-10/5-5/work/hardware-components-main/hardware-components-main/vendor/laravel/framework/src/Illuminate/Database/Eloquent/Builder.php(1219): Illuminate/Database/Eloquent/Model->save()
#12 C:/Users/Gergs/Documents/Codex/2026-08-10/5-5/work/hardware-components-main/hardware-components-main/vendor/laravel/framework/src/Illuminate/Support/helpers.php(393): Illuminate/Database/Eloquent/Builder->Illuminate/Database/Eloquent/{closure}(Object(App/Models/User))
#13 C:/Users/Gergs/Documents/Codex/2026-08-10/5-5/work/hardware-components-main/hardware-components-main/vendor/laravel/framework/src/Illuminate/Database/Eloquent/Builder.php(1218): tap(Object(App/Models/User), Object(Closure))
#14 C:/Users/Gergs/Documents/Codex/2026-08-10/5-5/work/hardware-components-main/hardware-components-main/vendor/laravel/framework/src/Illuminate/Support/Traits/ForwardsCalls.php(23): Illuminate/Database/Eloquent/Builder->create(Array)
#15 C:/Users/Gergs/Documents/Codex/2026-08-10/5-5/work/hardware-components-main/hardware-components-main/vendor/laravel/framework/src/Illuminate/Database/Eloquent/Model.php(2544): Illuminate/Database/Eloquent/Model->forwardCallTo(Object(Illuminate/Database/Eloquent/Builder), 'create', Array)
#16 C:/Users/Gergs/Documents/Codex/2026-08-10/5-5/work/hardware-components-main/hardware-components-main/vendor/laravel/framework/src/Illuminate/Database/Eloquent/Model.php(2560): Illuminate/Database/Eloquent/Model->__call('create', Array)
#17 C:/Users/Gergs/Documents/Codex/2026-08-10/5-5/work/hardware-components-main/hardware-components-main/app/Http/Controllers/ShoppingController.php(226): Illuminate/Database/Eloquent/Model::__callStatic('create', Array)
#18 C:/Users/Gergs/Documents/Codex/2026-08-10/5-5/work/hardware-components-main/hardware-components-main/app/Http/Controllers/ShoppingController.php(215): App/Http/Controllers/ShoppingController->userId()
#19 C:/Users/Gergs/Documents/Codex/2026-08-10/5-5/work/hardware-components-main/hardware-components-main/app/Http/Controllers/ShoppingController.php(49): App/Http/Controllers/ShoppingController->getActiveCart()
#20 C:/Users/Gergs/Documents/Codex/2026-08-10/5-5/work/hardware-components-main/hardware-components-main/vendor/laravel/framework/src/Illuminate/Routing/ControllerDispatcher.php(46): App/Http/Controllers/ShoppingController->addToCart(Object(Illuminate/Http/Request), Object(App/Models/Product))
#21 C:/Users/Gergs/Documents/Codex/2026-08-10/5-5/work/hardware-components-main/hardware-components-main/vendor/laravel/framework/src/Illuminate/Routing/Route.php(265): Illuminate/Routing/ControllerDispatcher->dispatch(Object(Illuminate/Routing/Route), Object(App/Http/Controllers/ShoppingController), 'addToCart')
#22 C:/Users/Gergs/Documents/Codex/2026-08-10/5-5/work/hardware-components-main/hardware-components-main/vendor/laravel/framework/src/Illuminate/Routing/Route.php(211): Illuminate/Routing/Route->runController()
#23 C:/Users/Gergs/Documents/Codex/2026-08-10/5-5/work/hardware-components-main/hardware-components-main/vendor/laravel/framework/src/Illuminate/Routing/Router.php(822): Illuminate/Routing/Route->run()
#24 C:/Users/Gergs/Documents/Codex/2026-08-10/5-5/work/hardware-components-main/hardware-components-main/vendor/laravel/framework/src/Illuminate/Pipeline/Pipeline.php(180): Illuminate/Routing/Router->Illuminate/Routing/{closure}(Object(Illuminate/Http/Request))
#25 C:/Users/Gergs/Documents/Codex/2026-08-10/5-5/work/hardware-components-main/hardware-components-main/vendor/laravel/framework/src/Illuminate/Routing/Middleware/SubstituteBindings.php(50): Illuminate/Pipeline/Pipeline->Illuminate/Pipeline/{closure}(Object(Illuminate/Http/Request))
#26 C:/Users/Gergs/Documents/Codex/2026-08-10/5-5/work/hardware-components-main/hardware-components-main/vendor/laravel/framework/src/Illuminate/Pipeline/Pipeline.php(219): Illuminate/Routing/Middleware/SubstituteBindings->handle(Object(Illuminate/Http/Request), Object(Closure))
#27 C:/Users/Gergs/Documents/Codex/2026-08-10/5-5/work/hardware-components-main/hardware-components-main/vendor/laravel/framework/src/Illuminate/Foundation/Http/Middleware/VerifyCsrfToken.php(87): Illuminate/Pipeline/Pipeline->Illuminate/Pipeline/{closure}(Object(Illuminate/Http/Request))
#28 C:/Users/Gergs/Documents/Codex/2026-08-10/5-5/work/hardware-components-main/hardware-components-main/vendor/laravel/framework/src/Illuminate/Pipeline/Pipeline.php(219): Illuminate/Foundation/Http/Middleware/VerifyCsrfToken->handle(Object(Illuminate/Http/Request), Object(Closure))
#29 C:/Users/Gergs/Documents/Codex/2026-08-10/5-5/work/hardware-components-main/hardware-components-main/vendor/laravel/framework/src/Illuminate/View/Middleware/ShareErrorsFromSession.php(48): Illuminate/Pipeline/Pipeline->Illuminate/Pipeline/{closure}(Object(Illuminate/Http/Request))
#30 C:/Users/Gergs/Documents/Codex/2026-08-10/5-5/work/hardware-components-main/hardware-components-main/vendor/laravel/framework/src/Illuminate/Pipeline/Pipeline.php(219): Illuminate/View/Middleware/ShareErrorsFromSession->handle(Object(Illuminate/Http/Request), Object(Closure))
#31 C:/Users/Gergs/Documents/Codex/2026-08-10/5-5/work/hardware-components-main/hardware-components-main/vendor/laravel/framework/src/Illuminate/Session/Middleware/StartSession.php(120): Illuminate/Pipeline/Pipeline->Illuminate/Pipeline/{closure}(Object(Illuminate/Http/Request))
#32 C:/Users/Gergs/Documents/Codex/2026-08-10/5-5/work/hardware-components-main/hardware-components-main/vendor/laravel/framework/src/Illuminate/Session/Middleware/StartSession.php(63): Illuminate/Session/Middleware/StartSession->handleStatefulRequest(Object(Illuminate/Http/Request), Object(Illuminate/Session/Store), Object(Closure))
#33 C:/Users/Gergs/Documents/Codex/2026-08-10/5-5/work/hardware-components-main/hardware-components-main/vendor/laravel/framework/src/Illuminate/Pipeline/Pipeline.php(219): Illuminate/Session/Middleware/StartSession->handle(Object(Illuminate/Http/Request), Object(Closure))
#34 C:/Users/Gergs/Documents/Codex/2026-08-10/5-5/work/hardware-components-main/hardware-components-main/vendor/laravel/framework/src/Illuminate/Cookie/Middleware/AddQueuedCookiesToResponse.php(36): Illuminate/Pipeline/Pipeline->Illuminate/Pipeline/{closure}(Object(Illuminate/Http/Request))
#35 C:/Users/Gergs/Documents/Codex/2026-08-10/5-5/work/hardware-components-main/hardware-components-main/vendor/laravel/framework/src/Illuminate/Pipeline/Pipeline.php(219): Illuminate/Cookie/Middleware/AddQueuedCookiesToResponse->handle(Object(Illuminate/Http/Request), Object(Closure))
#36 C:/Users/Gergs/Documents/Codex/2026-08-10/5-5/work/hardware-components-main/hardware-components-main/vendor/laravel/framework/src/Illuminate/Cookie/Middleware/EncryptCookies.php(74): Illuminate/Pipeline/Pipeline->Illuminate/Pipeline/{closure}(Object(Illuminate/Http/Request))
#37 C:/Users/Gergs/Documents/Codex/2026-08-10/5-5/work/hardware-components-main/hardware-components-main/vendor/laravel/framework/src/Illuminate/Pipeline/Pipeline.php(219): Illuminate/Cookie/Middleware/EncryptCookies->handle(Object(Illuminate/Http/Request), Object(Closure))
#38 C:/Users/Gergs/Documents/Codex/2026-08-10/5-5/work/hardware-components-main/hardware-components-main/vendor/laravel/framework/src/Illuminate/Pipeline/Pipeline.php(137): Illuminate/Pipeline/Pipeline->Illuminate/Pipeline/{closure}(Object(Illuminate/Http/Request))
#39 C:/Users/Gergs/Documents/Codex/2026-08-10/5-5/work/hardware-components-main/hardware-components-main/vendor/laravel/framework/src/Illuminate/Routing/Router.php(821): Illuminate/Pipeline/Pipeline->then(Object(Closure))
#40 C:/Users/Gergs/Documents/Codex/2026-08-10/5-5/work/hardware-components-main/hardware-components-main/vendor/laravel/framework/src/Illuminate/Routing/Router.php(800): Illuminate/Routing/Router->runRouteWithinStack(Object(Illuminate/Routing/Route), Object(Illuminate/Http/Request))
#41 C:/Users/Gergs/Documents/Codex/2026-08-10/5-5/work/hardware-components-main/hardware-components-main/vendor/laravel/framework/src/Illuminate/Routing/Router.php(764): Illuminate/Routing/Router->runRoute(Object(Illuminate/Http/Request), Object(Illuminate/Routing/Route))
#42 C:/Users/Gergs/Documents/Codex/2026-08-10/5-5/work/hardware-components-main/hardware-components-main/vendor/laravel/framework/src/Illuminate/Routing/Router.php(753): Illuminate/Routing/Router->dispatchToRoute(Object(Illuminate/Http/Request))
#43 C:/Users/Gergs/Documents/Codex/2026-08-10/5-5/work/hardware-components-main/hardware-components-main/vendor/laravel/framework/src/Illuminate/Foundation/Http/Kernel.php(200): Illuminate/Routing/Router->dispatch(Object(Illuminate/Http/Request))
#44 C:/Users/Gergs/Documents/Codex/2026-08-10/5-5/work/hardware-components-main/hardware-components-main/vendor/laravel/framework/src/Illuminate/Pipeline/Pipeline.php(180): Illuminate/Foundation/Http/Kernel->Illuminate/Foundation/Http/{closure}(Object(Illuminate/Http/Request))
#45 C:/Users/Gergs/Documents/Codex/2026-08-10/5-5/work/hardware-components-main/hardware-components-main/vendor/laravel/framework/src/Illuminate/Foundation/Http/Middleware/TransformsRequest.php(21): Illuminate/Pipeline/Pipeline->Illuminate/Pipeline/{closure}(Object(Illuminate/Http/Request))
#46 C:/Users/Gergs/Documents/Codex/2026-08-10/5-5/work/hardware-components-main/hardware-components-main/vendor/laravel/framework/src/Illuminate/Foundation/Http/Middleware/ConvertEmptyStringsToNull.php(31): Illuminate/Foundation/Http/Middleware/TransformsRequest->handle(Object(Illuminate/Http/Request), Object(Closure))
#47 C:/Users/Gergs/Documents/Codex/2026-08-10/5-5/work/hardware-components-main/hardware-components-main/vendor/laravel/framework/src/Illuminate/Pipeline/Pipeline.php(219): Illuminate/Foundation/Http/Middleware/ConvertEmptyStringsToNull->handle(Object(Illuminate/Http/Request), Object(Closure))
#48 C:/Users/Gergs/Documents/Codex/2026-08-10/5-5/work/hardware-components-main/hardware-components-main/vendor/laravel/framework/src/Illuminate/Foundation/Http/Middleware/TransformsRequest.php(21): Illuminate/Pipeline/Pipeline->Illuminate/Pipeline/{closure}(Object(Illuminate/Http/Request))
#49 C:/Users/Gergs/Documents/Codex/2026-08-10/5-5/work/hardware-components-main/hardware-components-main/vendor/laravel/framework/src/Illuminate/Foundation/Http/Middleware/TrimStrings.php(51): Illuminate/Foundation/Http/Middleware/TransformsRequest->handle(Object(Illuminate/Http/Request), Object(Closure))
#50 C:/Users/Gergs/Documents/Codex/2026-08-10/5-5/work/hardware-components-main/hardware-components-main/vendor/laravel/framework/src/Illuminate/Pipeline/Pipeline.php(219): Illuminate/Foundation/Http/Middleware/TrimStrings->handle(Object(Illuminate/Http/Request), Object(Closure))
#51 C:/Users/Gergs/Documents/Codex/2026-08-10/5-5/work/hardware-components-main/hardware-components-main/vendor/laravel/framework/src/Illuminate/Http/Middleware/ValidatePostSize.php(27): Illuminate/Pipeline/Pipeline->Illuminate/Pipeline/{closure}(Object(Illuminate/Http/Request))
#52 C:/Users/Gergs/Documents/Codex/2026-08-10/5-5/work/hardware-components-main/hardware-components-main/vendor/laravel/framework/src/Illuminate/Pipeline/Pipeline.php(219): Illuminate/Http/Middleware/ValidatePostSize->handle(Object(Illuminate/Http/Request), Object(Closure))
#53 C:/Users/Gergs/Documents/Codex/2026-08-10/5-5/work/hardware-components-main/hardware-components-main/vendor/laravel/framework/src/Illuminate/Foundation/Http/Middleware/PreventRequestsDuringMaintenance.php(109): Illuminate/Pipeline/Pipeline->Illuminate/Pipeline/{closure}(Object(Illuminate/Http/Request))
#54 C:/Users/Gergs/Documents/Codex/2026-08-10/5-5/work/hardware-components-main/hardware-components-main/vendor/laravel/framework/src/Illuminate/Pipeline/Pipeline.php(219): Illuminate/Foundation/Http/Middleware/PreventRequestsDuringMaintenance->handle(Object(Illuminate/Http/Request), Object(Closure))
#55 C:/Users/Gergs/Documents/Codex/2026-08-10/5-5/work/hardware-components-main/hardware-components-main/vendor/laravel/framework/src/Illuminate/Http/Middleware/HandleCors.php(61): Illuminate/Pipeline/Pipeline->Illuminate/Pipeline/{closure}(Object(Illuminate/Http/Request))
#56 C:/Users/Gergs/Documents/Codex/2026-08-10/5-5/work/hardware-components-main/hardware-components-main/vendor/laravel/framework/src/Illuminate/Pipeline/Pipeline.php(219): Illuminate/Http/Middleware/HandleCors->handle(Object(Illuminate/Http/Request), Object(Closure))
#57 C:/Users/Gergs/Documents/Codex/2026-08-10/5-5/work/hardware-components-main/hardware-components-main/vendor/laravel/framework/src/Illuminate/Http/Middleware/TrustProxies.php(58): Illuminate/Pipeline/Pipeline->Illuminate/Pipeline/{closure}(Object(Illuminate/Http/Request))
#58 C:/Users/Gergs/Documents/Codex/2026-08-10/5-5/work/hardware-components-main/hardware-components-main/vendor/laravel/framework/src/Illuminate/Pipeline/Pipeline.php(219): Illuminate/Http/Middleware/TrustProxies->handle(Object(Illuminate/Http/Request), Object(Closure))
#59 C:/Users/Gergs/Documents/Codex/2026-08-10/5-5/work/hardware-components-main/hardware-components-main/vendor/laravel/framework/src/Illuminate/Foundation/Http/Middleware/InvokeDeferredCallbacks.php(22): Illuminate/Pipeline/Pipeline->Illuminate/Pipeline/{closure}(Object(Illuminate/Http/Request))
#60 C:/Users/Gergs/Documents/Codex/2026-08-10/5-5/work/hardware-components-main/hardware-components-main/vendor/laravel/framework/src/Illuminate/Pipeline/Pipeline.php(219): Illuminate/Foundation/Http/Middleware/InvokeDeferredCallbacks->handle(Object(Illuminate/Http/Request), Object(Closure))
#61 C:/Users/Gergs/Documents/Codex/2026-08-10/5-5/work/hardware-components-main/hardware-components-main/vendor/laravel/framework/src/Illuminate/Http/Middleware/ValidatePathEncoding.php(26): Illuminate/Pipeline/Pipeline->Illuminate/Pipeline/{closure}(Object(Illuminate/Http/Request))
#62 C:/Users/Gergs/Documents/Codex/2026-08-10/5-5/work/hardware-components-main/hardware-components-main/vendor/laravel/framework/src/Illuminate/Pipeline/Pipeline.php(219): Illuminate/Http/Middleware/ValidatePathEncoding->handle(Object(Illuminate/Http/Request), Object(Closure))
#63 C:/Users/Gergs/Documents/Codex/2026-08-10/5-5/work/hardware-components-main/hardware-components-main/vendor/laravel/framework/src/Illuminate/Pipeline/Pipeline.php(137): Illuminate/Pipeline/Pipeline->Illuminate/Pipeline/{closure}(Object(Illuminate/Http/Request))
#64 C:/Users/Gergs/Documents/Codex/2026-08-10/5-5/work/hardware-components-main/hardware-components-main/vendor/laravel/framework/src/Illuminate/Foundation/Http/Kernel.php(175): Illuminate/Pipeline/Pipeline->then(Object(Closure))
#65 C:/Users/Gergs/Documents/Codex/2026-08-10/5-5/work/hardware-components-main/hardware-components-main/vendor/laravel/framework/src/Illuminate/Foundation/Http/Kernel.php(144): Illuminate/Foundation/Http/Kernel->sendRequestThroughRouter(Object(Illuminate/Http/Request))
#66 C:/Users/Gergs/Documents/Codex/2026-08-10/5-5/work/hardware-components-main/hardware-components-main/vendor/laravel/framework/src/Illuminate/Foundation/Application.php(1220): Illuminate/Foundation/Http/Kernel->handle(Object(Illuminate/Http/Request))
#67 C:/Users/Gergs/Documents/Codex/2026-08-10/5-5/work/hardware-components-main/hardware-components-main/public/index.php(20): Illuminate/Foundation/Application->handleRequest(Object(Illuminate/Http/Request))
#68 C:/Users/Gergs/Documents/Codex/2026-08-10/5-5/work/hardware-components-main/hardware-components-main/vendor/laravel/framework/src/Illuminate/Foundation/resources/server.php(23): require_once('C://Users//Gergs//...')
#69 {main}
"} 
[2026-08-09 22:20:48] local.ERROR: SQLSTATE[23000]: Integrity constraint violation: 19 NOT NULL constraint failed: users.first_name (Connection: sqlite, Database: C:\Users\Gergs\Documents\Codex\2026-08-10\5-5\work\hardware-components-main\hardware-components-main\database\database.sqlite, SQL: insert into "users" ("name", "email", "password", "updated_at", "created_at") values (Demo Customer, customer@example.com, $2y$12$V7XVWnP5wzzAsjRDg6wFN.7t.d5bwSe/BajrNNLuzcMojxDjcbU72, 2026-08-09 22:20:48, 2026-08-09 22:20:48)) {"exception":"[object] (Illuminate\\Database\\QueryException(code: 23000): SQLSTATE[23000]: Integrity constraint violation: 19 NOT NULL constraint failed: users.first_name (Connection: sqlite, Database: C:\\Users\\Gergs\\Documents\\Codex\\2026-08-10\\5-5\\work\\hardware-components-main\\hardware-components-main\\database\\database.sqlite, SQL: insert into \"users\" (\"name\", \"email\", \"password\", \"updated_at\", \"created_at\") values (Demo Customer, customer@example.com, $2y$12$V7XVWnP5wzzAsjRDg6wFN.7t.d5bwSe/BajrNNLuzcMojxDjcbU72, 2026-08-09 22:20:48, 2026-08-09 22:20:48)) at C:/Users/Gergs/Documents/Codex/2026-08-10/5-5/work/hardware-components-main/hardware-components-main/vendor/laravel/framework/src/Illuminate/Database/Connection.php:838)
[stacktrace]
#0 C:/Users/Gergs/Documents/Codex/2026-08-10/5-5/work/hardware-components-main/hardware-components-main/vendor/laravel/framework/src/Illuminate/Database/Connection.php(794): Illuminate/Database/Connection->runQueryCallback('insert into \"us...', Array, Object(Closure))
#1 C:/Users/Gergs/Documents/Codex/2026-08-10/5-5/work/hardware-components-main/hardware-components-main/vendor/laravel/framework/src/Illuminate/Database/Connection.php(573): Illuminate/Database/Connection->run('insert into \"us...', Array, Object(Closure))
#2 C:/Users/Gergs/Documents/Codex/2026-08-10/5-5/work/hardware-components-main/hardware-components-main/vendor/laravel/framework/src/Illuminate/Database/Connection.php(537): Illuminate/Database/Connection->statement('insert into \"us...', Array)
#3 C:/Users/Gergs/Documents/Codex/2026-08-10/5-5/work/hardware-components-main/hardware-components-main/vendor/laravel/framework/src/Illuminate/Database/Query/Processors/Processor.php(32): Illuminate/Database/Connection->insert('insert into \"us...', Array)
#4 C:/Users/Gergs/Documents/Codex/2026-08-10/5-5/work/hardware-components-main/hardware-components-main/vendor/laravel/framework/src/Illuminate/Database/Query/Builder.php(4170): Illuminate/Database/Query/Processors/Processor->processInsertGetId(Object(Illuminate/Database/Query/Builder), 'insert into \"us...', Array, 'id')
#5 C:/Users/Gergs/Documents/Codex/2026-08-10/5-5/work/hardware-components-main/hardware-components-main/vendor/laravel/framework/src/Illuminate/Database/Eloquent/Builder.php(2237): Illuminate/Database/Query/Builder->insertGetId(Array, 'id')
#6 C:/Users/Gergs/Documents/Codex/2026-08-10/5-5/work/hardware-components-main/hardware-components-main/vendor/laravel/framework/src/Illuminate/Database/Eloquent/Model.php(1436): Illuminate/Database/Eloquent/Builder->__call('insertGetId', Array)
#7 C:/Users/Gergs/Documents/Codex/2026-08-10/5-5/work/hardware-components-main/hardware-components-main/vendor/laravel/framework/src/Illuminate/Database/Eloquent/Model.php(1401): Illuminate/Database/Eloquent/Model->insertAndSetId(Object(Illuminate/Database/Eloquent/Builder), Array)
#8 C:/Users/Gergs/Documents/Codex/2026-08-10/5-5/work/hardware-components-main/hardware-components-main/vendor/laravel/framework/src/Illuminate/Database/Eloquent/Model.php(1240): Illuminate/Database/Eloquent/Model->performInsert(Object(Illuminate/Database/Eloquent/Builder))
#9 C:/Users/Gergs/Documents/Codex/2026-08-10/5-5/work/hardware-components-main/hardware-components-main/vendor/laravel/framework/src/Illuminate/Database/Eloquent/Builder.php(1219): Illuminate/Database/Eloquent/Model->save()
#10 C:/Users/Gergs/Documents/Codex/2026-08-10/5-5/work/hardware-components-main/hardware-components-main/vendor/laravel/framework/src/Illuminate/Support/helpers.php(393): Illuminate/Database/Eloquent/Builder->Illuminate/Database/Eloquent/{closure}(Object(App/Models/User))
#11 C:/Users/Gergs/Documents/Codex/2026-08-10/5-5/work/hardware-components-main/hardware-components-main/vendor/laravel/framework/src/Illuminate/Database/Eloquent/Builder.php(1218): tap(Object(App/Models/User), Object(Closure))
#12 C:/Users/Gergs/Documents/Codex/2026-08-10/5-5/work/hardware-components-main/hardware-components-main/vendor/laravel/framework/src/Illuminate/Support/Traits/ForwardsCalls.php(23): Illuminate/Database/Eloquent/Builder->create(Array)
#13 C:/Users/Gergs/Documents/Codex/2026-08-10/5-5/work/hardware-components-main/hardware-components-main/vendor/laravel/framework/src/Illuminate/Database/Eloquent/Model.php(2544): Illuminate/Database/Eloquent/Model->forwardCallTo(Object(Illuminate/Database/Eloquent/Builder), 'create', Array)
#14 C:/Users/Gergs/Documents/Codex/2026-08-10/5-5/work/hardware-components-main/hardware-components-main/vendor/laravel/framework/src/Illuminate/Database/Eloquent/Model.php(2560): Illuminate/Database/Eloquent/Model->__call('create', Array)
#15 C:/Users/Gergs/Documents/Codex/2026-08-10/5-5/work/hardware-components-main/hardware-components-main/app/Http/Controllers/ShoppingController.php(226): Illuminate/Database/Eloquent/Model::__callStatic('create', Array)
#16 C:/Users/Gergs/Documents/Codex/2026-08-10/5-5/work/hardware-components-main/hardware-components-main/app/Http/Controllers/ShoppingController.php(215): App/Http/Controllers/ShoppingController->userId()
#17 C:/Users/Gergs/Documents/Codex/2026-08-10/5-5/work/hardware-components-main/hardware-components-main/app/Http/Controllers/ShoppingController.php(30): App/Http/Controllers/ShoppingController->getActiveCart()
#18 C:/Users/Gergs/Documents/Codex/2026-08-10/5-5/work/hardware-components-main/hardware-components-main/vendor/laravel/framework/src/Illuminate/Routing/ControllerDispatcher.php(46): App/Http/Controllers/ShoppingController->cart()
#19 C:/Users/Gergs/Documents/Codex/2026-08-10/5-5/work/hardware-components-main/hardware-components-main/vendor/laravel/framework/src/Illuminate/Routing/Route.php(265): Illuminate/Routing/ControllerDispatcher->dispatch(Object(Illuminate/Routing/Route), Object(App/Http/Controllers/ShoppingController), 'cart')
#20 C:/Users/Gergs/Documents/Codex/2026-08-10/5-5/work/hardware-components-main/hardware-components-main/vendor/laravel/framework/src/Illuminate/Routing/Route.php(211): Illuminate/Routing/Route->runController()
#21 C:/Users/Gergs/Documents/Codex/2026-08-10/5-5/work/hardware-components-main/hardware-components-main/vendor/laravel/framework/src/Illuminate/Routing/Router.php(822): Illuminate/Routing/Route->run()
#22 C:/Users/Gergs/Documents/Codex/2026-08-10/5-5/work/hardware-components-main/hardware-components-main/vendor/laravel/framework/src/Illuminate/Pipeline/Pipeline.php(180): Illuminate/Routing/Router->Illuminate/Routing/{closure}(Object(Illuminate/Http/Request))
#23 C:/Users/Gergs/Documents/Codex/2026-08-10/5-5/work/hardware-components-main/hardware-components-main/vendor/laravel/framework/src/Illuminate/Routing/Middleware/SubstituteBindings.php(50): Illuminate/Pipeline/Pipeline->Illuminate/Pipeline/{closure}(Object(Illuminate/Http/Request))
#24 C:/Users/Gergs/Documents/Codex/2026-08-10/5-5/work/hardware-components-main/hardware-components-main/vendor/laravel/framework/src/Illuminate/Pipeline/Pipeline.php(219): Illuminate/Routing/Middleware/SubstituteBindings->handle(Object(Illuminate/Http/Request), Object(Closure))
#25 C:/Users/Gergs/Documents/Codex/2026-08-10/5-5/work/hardware-components-main/hardware-components-main/vendor/laravel/framework/src/Illuminate/Foundation/Http/Middleware/VerifyCsrfToken.php(87): Illuminate/Pipeline/Pipeline->Illuminate/Pipeline/{closure}(Object(Illuminate/Http/Request))
#26 C:/Users/Gergs/Documents/Codex/2026-08-10/5-5/work/hardware-components-main/hardware-components-main/vendor/laravel/framework/src/Illuminate/Pipeline/Pipeline.php(219): Illuminate/Foundation/Http/Middleware/VerifyCsrfToken->handle(Object(Illuminate/Http/Request), Object(Closure))
#27 C:/Users/Gergs/Documents/Codex/2026-08-10/5-5/work/hardware-components-main/hardware-components-main/vendor/laravel/framework/src/Illuminate/View/Middleware/ShareErrorsFromSession.php(48): Illuminate/Pipeline/Pipeline->Illuminate/Pipeline/{closure}(Object(Illuminate/Http/Request))
#28 C:/Users/Gergs/Documents/Codex/2026-08-10/5-5/work/hardware-components-main/hardware-components-main/vendor/laravel/framework/src/Illuminate/Pipeline/Pipeline.php(219): Illuminate/View/Middleware/ShareErrorsFromSession->handle(Object(Illuminate/Http/Request), Object(Closure))
#29 C:/Users/Gergs/Documents/Codex/2026-08-10/5-5/work/hardware-components-main/hardware-components-main/vendor/laravel/framework/src/Illuminate/Session/Middleware/StartSession.php(120): Illuminate/Pipeline/Pipeline->Illuminate/Pipeline/{closure}(Object(Illuminate/Http/Request))
#30 C:/Users/Gergs/Documents/Codex/2026-08-10/5-5/work/hardware-components-main/hardware-components-main/vendor/laravel/framework/src/Illuminate/Session/Middleware/StartSession.php(63): Illuminate/Session/Middleware/StartSession->handleStatefulRequest(Object(Illuminate/Http/Request), Object(Illuminate/Session/Store), Object(Closure))
#31 C:/Users/Gergs/Documents/Codex/2026-08-10/5-5/work/hardware-components-main/hardware-components-main/vendor/laravel/framework/src/Illuminate/Pipeline/Pipeline.php(219): Illuminate/Session/Middleware/StartSession->handle(Object(Illuminate/Http/Request), Object(Closure))
#32 C:/Users/Gergs/Documents/Codex/2026-08-10/5-5/work/hardware-components-main/hardware-components-main/vendor/laravel/framework/src/Illuminate/Cookie/Middleware/AddQueuedCookiesToResponse.php(36): Illuminate/Pipeline/Pipeline->Illuminate/Pipeline/{closure}(Object(Illuminate/Http/Request))
#33 C:/Users/Gergs/Documents/Codex/2026-08-10/5-5/work/hardware-components-main/hardware-components-main/vendor/laravel/framework/src/Illuminate/Pipeline/Pipeline.php(219): Illuminate/Cookie/Middleware/AddQueuedCookiesToResponse->handle(Object(Illuminate/Http/Request), Object(Closure))
#34 C:/Users/Gergs/Documents/Codex/2026-08-10/5-5/work/hardware-components-main/hardware-components-main/vendor/laravel/framework/src/Illuminate/Cookie/Middleware/EncryptCookies.php(74): Illuminate/Pipeline/Pipeline->Illuminate/Pipeline/{closure}(Object(Illuminate/Http/Request))
#35 C:/Users/Gergs/Documents/Codex/2026-08-10/5-5/work/hardware-components-main/hardware-components-main/vendor/laravel/framework/src/Illuminate/Pipeline/Pipeline.php(219): Illuminate/Cookie/Middleware/EncryptCookies->handle(Object(Illuminate/Http/Request), Object(Closure))
#36 C:/Users/Gergs/Documents/Codex/2026-08-10/5-5/work/hardware-components-main/hardware-components-main/vendor/laravel/framework/src/Illuminate/Pipeline/Pipeline.php(137): Illuminate/Pipeline/Pipeline->Illuminate/Pipeline/{closure}(Object(Illuminate/Http/Request))
#37 C:/Users/Gergs/Documents/Codex/2026-08-10/5-5/work/hardware-components-main/hardware-components-main/vendor/laravel/framework/src/Illuminate/Routing/Router.php(821): Illuminate/Pipeline/Pipeline->then(Object(Closure))
#38 C:/Users/Gergs/Documents/Codex/2026-08-10/5-5/work/hardware-components-main/hardware-components-main/vendor/laravel/framework/src/Illuminate/Routing/Router.php(800): Illuminate/Routing/Router->runRouteWithinStack(Object(Illuminate/Routing/Route), Object(Illuminate/Http/Request))
#39 C:/Users/Gergs/Documents/Codex/2026-08-10/5-5/work/hardware-components-main/hardware-components-main/vendor/laravel/framework/src/Illuminate/Routing/Router.php(764): Illuminate/Routing/Router->runRoute(Object(Illuminate/Http/Request), Object(Illuminate/Routing/Route))
#40 C:/Users/Gergs/Documents/Codex/2026-08-10/5-5/work/hardware-components-main/hardware-components-main/vendor/laravel/framework/src/Illuminate/Routing/Router.php(753): Illuminate/Routing/Router->dispatchToRoute(Object(Illuminate/Http/Request))
#41 C:/Users/Gergs/Documents/Codex/2026-08-10/5-5/work/hardware-components-main/hardware-components-main/vendor/laravel/framework/src/Illuminate/Foundation/Http/Kernel.php(200): Illuminate/Routing/Router->dispatch(Object(Illuminate/Http/Request))
#42 C:/Users/Gergs/Documents/Codex/2026-08-10/5-5/work/hardware-components-main/hardware-components-main/vendor/laravel/framework/src/Illuminate/Pipeline/Pipeline.php(180): Illuminate/Foundation/Http/Kernel->Illuminate/Foundation/Http/{closure}(Object(Illuminate/Http/Request))
#43 C:/Users/Gergs/Documents/Codex/2026-08-10/5-5/work/hardware-components-main/hardware-components-main/vendor/laravel/framework/src/Illuminate/Foundation/Http/Middleware/TransformsRequest.php(21): Illuminate/Pipeline/Pipeline->Illuminate/Pipeline/{closure}(Object(Illuminate/Http/Request))
#44 C:/Users/Gergs/Documents/Codex/2026-08-10/5-5/work/hardware-components-main/hardware-components-main/vendor/laravel/framework/src/Illuminate/Foundation/Http/Middleware/ConvertEmptyStringsToNull.php(31): Illuminate/Foundation/Http/Middleware/TransformsRequest->handle(Object(Illuminate/Http/Request), Object(Closure))
#45 C:/Users/Gergs/Documents/Codex/2026-08-10/5-5/work/hardware-components-main/hardware-components-main/vendor/laravel/framework/src/Illuminate/Pipeline/Pipeline.php(219): Illuminate/Foundation/Http/Middleware/ConvertEmptyStringsToNull->handle(Object(Illuminate/Http/Request), Object(Closure))
#46 C:/Users/Gergs/Documents/Codex/2026-08-10/5-5/work/hardware-components-main/hardware-components-main/vendor/laravel/framework/src/Illuminate/Foundation/Http/Middleware/TransformsRequest.php(21): Illuminate/Pipeline/Pipeline->Illuminate/Pipeline/{closure}(Object(Illuminate/Http/Request))
#47 C:/Users/Gergs/Documents/Codex/2026-08-10/5-5/work/hardware-components-main/hardware-components-main/vendor/laravel/framework/src/Illuminate/Foundation/Http/Middleware/TrimStrings.php(51): Illuminate/Foundation/Http/Middleware/TransformsRequest->handle(Object(Illuminate/Http/Request), Object(Closure))
#48 C:/Users/Gergs/Documents/Codex/2026-08-10/5-5/work/hardware-components-main/hardware-components-main/vendor/laravel/framework/src/Illuminate/Pipeline/Pipeline.php(219): Illuminate/Foundation/Http/Middleware/TrimStrings->handle(Object(Illuminate/Http/Request), Object(Closure))
#49 C:/Users/Gergs/Documents/Codex/2026-08-10/5-5/work/hardware-components-main/hardware-components-main/vendor/laravel/framework/src/Illuminate/Http/Middleware/ValidatePostSize.php(27): Illuminate/Pipeline/Pipeline->Illuminate/Pipeline/{closure}(Object(Illuminate/Http/Request))
#50 C:/Users/Gergs/Documents/Codex/2026-08-10/5-5/work/hardware-components-main/hardware-components-main/vendor/laravel/framework/src/Illuminate/Pipeline/Pipeline.php(219): Illuminate/Http/Middleware/ValidatePostSize->handle(Object(Illuminate/Http/Request), Object(Closure))
#51 C:/Users/Gergs/Documents/Codex/2026-08-10/5-5/work/hardware-components-main/hardware-components-main/vendor/laravel/framework/src/Illuminate/Foundation/Http/Middleware/PreventRequestsDuringMaintenance.php(109): Illuminate/Pipeline/Pipeline->Illuminate/Pipeline/{closure}(Object(Illuminate/Http/Request))
#52 C:/Users/Gergs/Documents/Codex/2026-08-10/5-5/work/hardware-components-main/hardware-components-main/vendor/laravel/framework/src/Illuminate/Pipeline/Pipeline.php(219): Illuminate/Foundation/Http/Middleware/PreventRequestsDuringMaintenance->handle(Object(Illuminate/Http/Request), Object(Closure))
#53 C:/Users/Gergs/Documents/Codex/2026-08-10/5-5/work/hardware-components-main/hardware-components-main/vendor/laravel/framework/src/Illuminate/Http/Middleware/HandleCors.php(61): Illuminate/Pipeline/Pipeline->Illuminate/Pipeline/{closure}(Object(Illuminate/Http/Request))
#54 C:/Users/Gergs/Documents/Codex/2026-08-10/5-5/work/hardware-components-main/hardware-components-main/vendor/laravel/framework/src/Illuminate/Pipeline/Pipeline.php(219): Illuminate/Http/Middleware/HandleCors->handle(Object(Illuminate/Http/Request), Object(Closure))
#55 C:/Users/Gergs/Documents/Codex/2026-08-10/5-5/work/hardware-components-main/hardware-components-main/vendor/laravel/framework/src/Illuminate/Http/Middleware/TrustProxies.php(58): Illuminate/Pipeline/Pipeline->Illuminate/Pipeline/{closure}(Object(Illuminate/Http/Request))
#56 C:/Users/Gergs/Documents/Codex/2026-08-10/5-5/work/hardware-components-main/hardware-components-main/vendor/laravel/framework/src/Illuminate/Pipeline/Pipeline.php(219): Illuminate/Http/Middleware/TrustProxies->handle(Object(Illuminate/Http/Request), Object(Closure))
#57 C:/Users/Gergs/Documents/Codex/2026-08-10/5-5/work/hardware-components-main/hardware-components-main/vendor/laravel/framework/src/Illuminate/Foundation/Http/Middleware/InvokeDeferredCallbacks.php(22): Illuminate/Pipeline/Pipeline->Illuminate/Pipeline/{closure}(Object(Illuminate/Http/Request))
#58 C:/Users/Gergs/Documents/Codex/2026-08-10/5-5/work/hardware-components-main/hardware-components-main/vendor/laravel/framework/src/Illuminate/Pipeline/Pipeline.php(219): Illuminate/Foundation/Http/Middleware/InvokeDeferredCallbacks->handle(Object(Illuminate/Http/Request), Object(Closure))
#59 C:/Users/Gergs/Documents/Codex/2026-08-10/5-5/work/hardware-components-main/hardware-components-main/vendor/laravel/framework/src/Illuminate/Http/Middleware/ValidatePathEncoding.php(26): Illuminate/Pipeline/Pipeline->Illuminate/Pipeline/{closure}(Object(Illuminate/Http/Request))
#60 C:/Users/Gergs/Documents/Codex/2026-08-10/5-5/work/hardware-components-main/hardware-components-main/vendor/laravel/framework/src/Illuminate/Pipeline/Pipeline.php(219): Illuminate/Http/Middleware/ValidatePathEncoding->handle(Object(Illuminate/Http/Request), Object(Closure))
#61 C:/Users/Gergs/Documents/Codex/2026-08-10/5-5/work/hardware-components-main/hardware-components-main/vendor/laravel/framework/src/Illuminate/Pipeline/Pipeline.php(137): Illuminate/Pipeline/Pipeline->Illuminate/Pipeline/{closure}(Object(Illuminate/Http/Request))
#62 C:/Users/Gergs/Documents/Codex/2026-08-10/5-5/work/hardware-components-main/hardware-components-main/vendor/laravel/framework/src/Illuminate/Foundation/Http/Kernel.php(175): Illuminate/Pipeline/Pipeline->then(Object(Closure))
#63 C:/Users/Gergs/Documents/Codex/2026-08-10/5-5/work/hardware-components-main/hardware-components-main/vendor/laravel/framework/src/Illuminate/Foundation/Http/Kernel.php(144): Illuminate/Foundation/Http/Kernel->sendRequestThroughRouter(Object(Illuminate/Http/Request))
#64 C:/Users/Gergs/Documents/Codex/2026-08-10/5-5/work/hardware-components-main/hardware-components-main/vendor/laravel/framework/src/Illuminate/Foundation/Application.php(1220): Illuminate/Foundation/Http/Kernel->handle(Object(Illuminate/Http/Request))
#65 C:/Users/Gergs/Documents/Codex/2026-08-10/5-5/work/hardware-components-main/hardware-components-main/public/index.php(20): Illuminate/Foundation/Application->handleRequest(Object(Illuminate/Http/Request))
#66 C:/Users/Gergs/Documents/Codex/2026-08-10/5-5/work/hardware-components-main/hardware-components-main/vendor/laravel/framework/src/Illuminate/Foundation/resources/server.php(23): require_once('C://Users//Gergs//...')
#67 {main}

[previous exception] [object] (PDOException(code: 23000): SQLSTATE[23000]: Integrity constraint violation: 19 NOT NULL constraint failed: users.first_name at C:/Users/Gergs/Documents/Codex/2026-08-10/5-5/work/hardware-components-main/hardware-components-main/vendor/laravel/framework/src/Illuminate/Database/Connection.php:584)
[stacktrace]
#0 C:/Users/Gergs/Documents/Codex/2026-08-10/5-5/work/hardware-components-main/hardware-components-main/vendor/laravel/framework/src/Illuminate/Database/Connection.php(584): PDOStatement->execute()
#1 C:/Users/Gergs/Documents/Codex/2026-08-10/5-5/work/hardware-components-main/hardware-components-main/vendor/laravel/framework/src/Illuminate/Database/Connection.php(827): Illuminate/Database/Connection->Illuminate/Database/{closure}('insert into \"us...', Array)
#2 C:/Users/Gergs/Documents/Codex/2026-08-10/5-5/work/hardware-components-main/hardware-components-main/vendor/laravel/framework/src/Illuminate/Database/Connection.php(794): Illuminate/Database/Connection->runQueryCallback('insert into \"us...', Array, Object(Closure))
#3 C:/Users/Gergs/Documents/Codex/2026-08-10/5-5/work/hardware-components-main/hardware-components-main/vendor/laravel/framework/src/Illuminate/Database/Connection.php(573): Illuminate/Database/Connection->run('insert into \"us...', Array, Object(Closure))
#4 C:/Users/Gergs/Documents/Codex/2026-08-10/5-5/work/hardware-components-main/hardware-components-main/vendor/laravel/framework/src/Illuminate/Database/Connection.php(537): Illuminate/Database/Connection->statement('insert into \"us...', Array)
#5 C:/Users/Gergs/Documents/Codex/2026-08-10/5-5/work/hardware-components-main/hardware-components-main/vendor/laravel/framework/src/Illuminate/Database/Query/Processors/Processor.php(32): Illuminate/Database/Connection->insert('insert into \"us...', Array)
#6 C:/Users/Gergs/Documents/Codex/2026-08-10/5-5/work/hardware-components-main/hardware-components-main/vendor/laravel/framework/src/Illuminate/Database/Query/Builder.php(4170): Illuminate/Database/Query/Processors/Processor->processInsertGetId(Object(Illuminate/Database/Query/Builder), 'insert into \"us...', Array, 'id')
#7 C:/Users/Gergs/Documents/Codex/2026-08-10/5-5/work/hardware-components-main/hardware-components-main/vendor/laravel/framework/src/Illuminate/Database/Eloquent/Builder.php(2237): Illuminate/Database/Query/Builder->insertGetId(Array, 'id')
#8 C:/Users/Gergs/Documents/Codex/2026-08-10/5-5/work/hardware-components-main/hardware-components-main/vendor/laravel/framework/src/Illuminate/Database/Eloquent/Model.php(1436): Illuminate/Database/Eloquent/Builder->__call('insertGetId', Array)
#9 C:/Users/Gergs/Documents/Codex/2026-08-10/5-5/work/hardware-components-main/hardware-components-main/vendor/laravel/framework/src/Illuminate/Database/Eloquent/Model.php(1401): Illuminate/Database/Eloquent/Model->insertAndSetId(Object(Illuminate/Database/Eloquent/Builder), Array)
#10 C:/Users/Gergs/Documents/Codex/2026-08-10/5-5/work/hardware-components-main/hardware-components-main/vendor/laravel/framework/src/Illuminate/Database/Eloquent/Model.php(1240): Illuminate/Database/Eloquent/Model->performInsert(Object(Illuminate/Database/Eloquent/Builder))
#11 C:/Users/Gergs/Documents/Codex/2026-08-10/5-5/work/hardware-components-main/hardware-components-main/vendor/laravel/framework/src/Illuminate/Database/Eloquent/Builder.php(1219): Illuminate/Database/Eloquent/Model->save()
#12 C:/Users/Gergs/Documents/Codex/2026-08-10/5-5/work/hardware-components-main/hardware-components-main/vendor/laravel/framework/src/Illuminate/Support/helpers.php(393): Illuminate/Database/Eloquent/Builder->Illuminate/Database/Eloquent/{closure}(Object(App/Models/User))
#13 C:/Users/Gergs/Documents/Codex/2026-08-10/5-5/work/hardware-components-main/hardware-components-main/vendor/laravel/framework/src/Illuminate/Database/Eloquent/Builder.php(1218): tap(Object(App/Models/User), Object(Closure))
#14 C:/Users/Gergs/Documents/Codex/2026-08-10/5-5/work/hardware-components-main/hardware-components-main/vendor/laravel/framework/src/Illuminate/Support/Traits/ForwardsCalls.php(23): Illuminate/Database/Eloquent/Builder->create(Array)
#15 C:/Users/Gergs/Documents/Codex/2026-08-10/5-5/work/hardware-components-main/hardware-components-main/vendor/laravel/framework/src/Illuminate/Database/Eloquent/Model.php(2544): Illuminate/Database/Eloquent/Model->forwardCallTo(Object(Illuminate/Database/Eloquent/Builder), 'create', Array)
#16 C:/Users/Gergs/Documents/Codex/2026-08-10/5-5/work/hardware-components-main/hardware-components-main/vendor/laravel/framework/src/Illuminate/Database/Eloquent/Model.php(2560): Illuminate/Database/Eloquent/Model->__call('create', Array)
#17 C:/Users/Gergs/Documents/Codex/2026-08-10/5-5/work/hardware-components-main/hardware-components-main/app/Http/Controllers/ShoppingController.php(226): Illuminate/Database/Eloquent/Model::__callStatic('create', Array)
#18 C:/Users/Gergs/Documents/Codex/2026-08-10/5-5/work/hardware-components-main/hardware-components-main/app/Http/Controllers/ShoppingController.php(215): App/Http/Controllers/ShoppingController->userId()
#19 C:/Users/Gergs/Documents/Codex/2026-08-10/5-5/work/hardware-components-main/hardware-components-main/app/Http/Controllers/ShoppingController.php(30): App/Http/Controllers/ShoppingController->getActiveCart()
#20 C:/Users/Gergs/Documents/Codex/2026-08-10/5-5/work/hardware-components-main/hardware-components-main/vendor/laravel/framework/src/Illuminate/Routing/ControllerDispatcher.php(46): App/Http/Controllers/ShoppingController->cart()
#21 C:/Users/Gergs/Documents/Codex/2026-08-10/5-5/work/hardware-components-main/hardware-components-main/vendor/laravel/framework/src/Illuminate/Routing/Route.php(265): Illuminate/Routing/ControllerDispatcher->dispatch(Object(Illuminate/Routing/Route), Object(App/Http/Controllers/ShoppingController), 'cart')
#22 C:/Users/Gergs/Documents/Codex/2026-08-10/5-5/work/hardware-components-main/hardware-components-main/vendor/laravel/framework/src/Illuminate/Routing/Route.php(211): Illuminate/Routing/Route->runController()
#23 C:/Users/Gergs/Documents/Codex/2026-08-10/5-5/work/hardware-components-main/hardware-components-main/vendor/laravel/framework/src/Illuminate/Routing/Router.php(822): Illuminate/Routing/Route->run()
#24 C:/Users/Gergs/Documents/Codex/2026-08-10/5-5/work/hardware-components-main/hardware-components-main/vendor/laravel/framework/src/Illuminate/Pipeline/Pipeline.php(180): Illuminate/Routing/Router->Illuminate/Routing/{closure}(Object(Illuminate/Http/Request))
#25 C:/Users/Gergs/Documents/Codex/2026-08-10/5-5/work/hardware-components-main/hardware-components-main/vendor/laravel/framework/src/Illuminate/Routing/Middleware/SubstituteBindings.php(50): Illuminate/Pipeline/Pipeline->Illuminate/Pipeline/{closure}(Object(Illuminate/Http/Request))
#26 C:/Users/Gergs/Documents/Codex/2026-08-10/5-5/work/hardware-components-main/hardware-components-main/vendor/laravel/framework/src/Illuminate/Pipeline/Pipeline.php(219): Illuminate/Routing/Middleware/SubstituteBindings->handle(Object(Illuminate/Http/Request), Object(Closure))
#27 C:/Users/Gergs/Documents/Codex/2026-08-10/5-5/work/hardware-components-main/hardware-components-main/vendor/laravel/framework/src/Illuminate/Foundation/Http/Middleware/VerifyCsrfToken.php(87): Illuminate/Pipeline/Pipeline->Illuminate/Pipeline/{closure}(Object(Illuminate/Http/Request))
#28 C:/Users/Gergs/Documents/Codex/2026-08-10/5-5/work/hardware-components-main/hardware-components-main/vendor/laravel/framework/src/Illuminate/Pipeline/Pipeline.php(219): Illuminate/Foundation/Http/Middleware/VerifyCsrfToken->handle(Object(Illuminate/Http/Request), Object(Closure))
#29 C:/Users/Gergs/Documents/Codex/2026-08-10/5-5/work/hardware-components-main/hardware-components-main/vendor/laravel/framework/src/Illuminate/View/Middleware/ShareErrorsFromSession.php(48): Illuminate/Pipeline/Pipeline->Illuminate/Pipeline/{closure}(Object(Illuminate/Http/Request))
#30 C:/Users/Gergs/Documents/Codex/2026-08-10/5-5/work/hardware-components-main/hardware-components-main/vendor/laravel/framework/src/Illuminate/Pipeline/Pipeline.php(219): Illuminate/View/Middleware/ShareErrorsFromSession->handle(Object(Illuminate/Http/Request), Object(Closure))
#31 C:/Users/Gergs/Documents/Codex/2026-08-10/5-5/work/hardware-components-main/hardware-components-main/vendor/laravel/framework/src/Illuminate/Session/Middleware/StartSession.php(120): Illuminate/Pipeline/Pipeline->Illuminate/Pipeline/{closure}(Object(Illuminate/Http/Request))
#32 C:/Users/Gergs/Documents/Codex/2026-08-10/5-5/work/hardware-components-main/hardware-components-main/vendor/laravel/framework/src/Illuminate/Session/Middleware/StartSession.php(63): Illuminate/Session/Middleware/StartSession->handleStatefulRequest(Object(Illuminate/Http/Request), Object(Illuminate/Session/Store), Object(Closure))
#33 C:/Users/Gergs/Documents/Codex/2026-08-10/5-5/work/hardware-components-main/hardware-components-main/vendor/laravel/framework/src/Illuminate/Pipeline/Pipeline.php(219): Illuminate/Session/Middleware/StartSession->handle(Object(Illuminate/Http/Request), Object(Closure))
#34 C:/Users/Gergs/Documents/Codex/2026-08-10/5-5/work/hardware-components-main/hardware-components-main/vendor/laravel/framework/src/Illuminate/Cookie/Middleware/AddQueuedCookiesToResponse.php(36): Illuminate/Pipeline/Pipeline->Illuminate/Pipeline/{closure}(Object(Illuminate/Http/Request))
#35 C:/Users/Gergs/Documents/Codex/2026-08-10/5-5/work/hardware-components-main/hardware-components-main/vendor/laravel/framework/src/Illuminate/Pipeline/Pipeline.php(219): Illuminate/Cookie/Middleware/AddQueuedCookiesToResponse->handle(Object(Illuminate/Http/Request), Object(Closure))
#36 C:/Users/Gergs/Documents/Codex/2026-08-10/5-5/work/hardware-components-main/hardware-components-main/vendor/laravel/framework/src/Illuminate/Cookie/Middleware/EncryptCookies.php(74): Illuminate/Pipeline/Pipeline->Illuminate/Pipeline/{closure}(Object(Illuminate/Http/Request))
#37 C:/Users/Gergs/Documents/Codex/2026-08-10/5-5/work/hardware-components-main/hardware-components-main/vendor/laravel/framework/src/Illuminate/Pipeline/Pipeline.php(219): Illuminate/Cookie/Middleware/EncryptCookies->handle(Object(Illuminate/Http/Request), Object(Closure))
#38 C:/Users/Gergs/Documents/Codex/2026-08-10/5-5/work/hardware-components-main/hardware-components-main/vendor/laravel/framework/src/Illuminate/Pipeline/Pipeline.php(137): Illuminate/Pipeline/Pipeline->Illuminate/Pipeline/{closure}(Object(Illuminate/Http/Request))
#39 C:/Users/Gergs/Documents/Codex/2026-08-10/5-5/work/hardware-components-main/hardware-components-main/vendor/laravel/framework/src/Illuminate/Routing/Router.php(821): Illuminate/Pipeline/Pipeline->then(Object(Closure))
#40 C:/Users/Gergs/Documents/Codex/2026-08-10/5-5/work/hardware-components-main/hardware-components-main/vendor/laravel/framework/src/Illuminate/Routing/Router.php(800): Illuminate/Routing/Router->runRouteWithinStack(Object(Illuminate/Routing/Route), Object(Illuminate/Http/Request))
#41 C:/Users/Gergs/Documents/Codex/2026-08-10/5-5/work/hardware-components-main/hardware-components-main/vendor/laravel/framework/src/Illuminate/Routing/Router.php(764): Illuminate/Routing/Router->runRoute(Object(Illuminate/Http/Request), Object(Illuminate/Routing/Route))
#42 C:/Users/Gergs/Documents/Codex/2026-08-10/5-5/work/hardware-components-main/hardware-components-main/vendor/laravel/framework/src/Illuminate/Routing/Router.php(753): Illuminate/Routing/Router->dispatchToRoute(Object(Illuminate/Http/Request))
#43 C:/Users/Gergs/Documents/Codex/2026-08-10/5-5/work/hardware-components-main/hardware-components-main/vendor/laravel/framework/src/Illuminate/Foundation/Http/Kernel.php(200): Illuminate/Routing/Router->dispatch(Object(Illuminate/Http/Request))
#44 C:/Users/Gergs/Documents/Codex/2026-08-10/5-5/work/hardware-components-main/hardware-components-main/vendor/laravel/framework/src/Illuminate/Pipeline/Pipeline.php(180): Illuminate/Foundation/Http/Kernel->Illuminate/Foundation/Http/{closure}(Object(Illuminate/Http/Request))
#45 C:/Users/Gergs/Documents/Codex/2026-08-10/5-5/work/hardware-components-main/hardware-components-main/vendor/laravel/framework/src/Illuminate/Foundation/Http/Middleware/TransformsRequest.php(21): Illuminate/Pipeline/Pipeline->Illuminate/Pipeline/{closure}(Object(Illuminate/Http/Request))
#46 C:/Users/Gergs/Documents/Codex/2026-08-10/5-5/work/hardware-components-main/hardware-components-main/vendor/laravel/framework/src/Illuminate/Foundation/Http/Middleware/ConvertEmptyStringsToNull.php(31): Illuminate/Foundation/Http/Middleware/TransformsRequest->handle(Object(Illuminate/Http/Request), Object(Closure))
#47 C:/Users/Gergs/Documents/Codex/2026-08-10/5-5/work/hardware-components-main/hardware-components-main/vendor/laravel/framework/src/Illuminate/Pipeline/Pipeline.php(219): Illuminate/Foundation/Http/Middleware/ConvertEmptyStringsToNull->handle(Object(Illuminate/Http/Request), Object(Closure))
#48 C:/Users/Gergs/Documents/Codex/2026-08-10/5-5/work/hardware-components-main/hardware-components-main/vendor/laravel/framework/src/Illuminate/Foundation/Http/Middleware/TransformsRequest.php(21): Illuminate/Pipeline/Pipeline->Illuminate/Pipeline/{closure}(Object(Illuminate/Http/Request))
#49 C:/Users/Gergs/Documents/Codex/2026-08-10/5-5/work/hardware-components-main/hardware-components-main/vendor/laravel/framework/src/Illuminate/Foundation/Http/Middleware/TrimStrings.php(51): Illuminate/Foundation/Http/Middleware/TransformsRequest->handle(Object(Illuminate/Http/Request), Object(Closure))
#50 C:/Users/Gergs/Documents/Codex/2026-08-10/5-5/work/hardware-components-main/hardware-components-main/vendor/laravel/framework/src/Illuminate/Pipeline/Pipeline.php(219): Illuminate/Foundation/Http/Middleware/TrimStrings->handle(Object(Illuminate/Http/Request), Object(Closure))
#51 C:/Users/Gergs/Documents/Codex/2026-08-10/5-5/work/hardware-components-main/hardware-components-main/vendor/laravel/framework/src/Illuminate/Http/Middleware/ValidatePostSize.php(27): Illuminate/Pipeline/Pipeline->Illuminate/Pipeline/{closure}(Object(Illuminate/Http/Request))
#52 C:/Users/Gergs/Documents/Codex/2026-08-10/5-5/work/hardware-components-main/hardware-components-main/vendor/laravel/framework/src/Illuminate/Pipeline/Pipeline.php(219): Illuminate/Http/Middleware/ValidatePostSize->handle(Object(Illuminate/Http/Request), Object(Closure))
#53 C:/Users/Gergs/Documents/Codex/2026-08-10/5-5/work/hardware-components-main/hardware-components-main/vendor/laravel/framework/src/Illuminate/Foundation/Http/Middleware/PreventRequestsDuringMaintenance.php(109): Illuminate/Pipeline/Pipeline->Illuminate/Pipeline/{closure}(Object(Illuminate/Http/Request))
#54 C:/Users/Gergs/Documents/Codex/2026-08-10/5-5/work/hardware-components-main/hardware-components-main/vendor/laravel/framework/src/Illuminate/Pipeline/Pipeline.php(219): Illuminate/Foundation/Http/Middleware/PreventRequestsDuringMaintenance->handle(Object(Illuminate/Http/Request), Object(Closure))
#55 C:/Users/Gergs/Documents/Codex/2026-08-10/5-5/work/hardware-components-main/hardware-components-main/vendor/laravel/framework/src/Illuminate/Http/Middleware/HandleCors.php(61): Illuminate/Pipeline/Pipeline->Illuminate/Pipeline/{closure}(Object(Illuminate/Http/Request))
#56 C:/Users/Gergs/Documents/Codex/2026-08-10/5-5/work/hardware-components-main/hardware-components-main/vendor/laravel/framework/src/Illuminate/Pipeline/Pipeline.php(219): Illuminate/Http/Middleware/HandleCors->handle(Object(Illuminate/Http/Request), Object(Closure))
#57 C:/Users/Gergs/Documents/Codex/2026-08-10/5-5/work/hardware-components-main/hardware-components-main/vendor/laravel/framework/src/Illuminate/Http/Middleware/TrustProxies.php(58): Illuminate/Pipeline/Pipeline->Illuminate/Pipeline/{closure}(Object(Illuminate/Http/Request))
#58 C:/Users/Gergs/Documents/Codex/2026-08-10/5-5/work/hardware-components-main/hardware-components-main/vendor/laravel/framework/src/Illuminate/Pipeline/Pipeline.php(219): Illuminate/Http/Middleware/TrustProxies->handle(Object(Illuminate/Http/Request), Object(Closure))
#59 C:/Users/Gergs/Documents/Codex/2026-08-10/5-5/work/hardware-components-main/hardware-components-main/vendor/laravel/framework/src/Illuminate/Foundation/Http/Middleware/InvokeDeferredCallbacks.php(22): Illuminate/Pipeline/Pipeline->Illuminate/Pipeline/{closure}(Object(Illuminate/Http/Request))
#60 C:/Users/Gergs/Documents/Codex/2026-08-10/5-5/work/hardware-components-main/hardware-components-main/vendor/laravel/framework/src/Illuminate/Pipeline/Pipeline.php(219): Illuminate/Foundation/Http/Middleware/InvokeDeferredCallbacks->handle(Object(Illuminate/Http/Request), Object(Closure))
#61 C:/Users/Gergs/Documents/Codex/2026-08-10/5-5/work/hardware-components-main/hardware-components-main/vendor/laravel/framework/src/Illuminate/Http/Middleware/ValidatePathEncoding.php(26): Illuminate/Pipeline/Pipeline->Illuminate/Pipeline/{closure}(Object(Illuminate/Http/Request))
#62 C:/Users/Gergs/Documents/Codex/2026-08-10/5-5/work/hardware-components-main/hardware-components-main/vendor/laravel/framework/src/Illuminate/Pipeline/Pipeline.php(219): Illuminate/Http/Middleware/ValidatePathEncoding->handle(Object(Illuminate/Http/Request), Object(Closure))
#63 C:/Users/Gergs/Documents/Codex/2026-08-10/5-5/work/hardware-components-main/hardware-components-main/vendor/laravel/framework/src/Illuminate/Pipeline/Pipeline.php(137): Illuminate/Pipeline/Pipeline->Illuminate/Pipeline/{closure}(Object(Illuminate/Http/Request))
#64 C:/Users/Gergs/Documents/Codex/2026-08-10/5-5/work/hardware-components-main/hardware-components-main/vendor/laravel/framework/src/Illuminate/Foundation/Http/Kernel.php(175): Illuminate/Pipeline/Pipeline->then(Object(Closure))
#65 C:/Users/Gergs/Documents/Codex/2026-08-10/5-5/work/hardware-components-main/hardware-components-main/vendor/laravel/framework/src/Illuminate/Foundation/Http/Kernel.php(144): Illuminate/Foundation/Http/Kernel->sendRequestThroughRouter(Object(Illuminate/Http/Request))
#66 C:/Users/Gergs/Documents/Codex/2026-08-10/5-5/work/hardware-components-main/hardware-components-main/vendor/laravel/framework/src/Illuminate/Foundation/Application.php(1220): Illuminate/Foundation/Http/Kernel->handle(Object(Illuminate/Http/Request))
#67 C:/Users/Gergs/Documents/Codex/2026-08-10/5-5/work/hardware-components-main/hardware-components-main/public/index.php(20): Illuminate/Foundation/Application->handleRequest(Object(Illuminate/Http/Request))
#68 C:/Users/Gergs/Documents/Codex/2026-08-10/5-5/work/hardware-components-main/hardware-components-main/vendor/laravel/framework/src/Illuminate/Foundation/resources/server.php(23): require_once('C://Users//Gergs//...')
#69 {main}
"} 
[2026-08-09 22:21:04] local.ERROR: SQLSTATE[23000]: Integrity constraint violation: 19 NOT NULL constraint failed: users.first_name (Connection: sqlite, Database: C:\Users\Gergs\Documents\Codex\2026-08-10\5-5\work\hardware-components-main\hardware-components-main\database\database.sqlite, SQL: insert into "users" ("name", "email", "password", "updated_at", "created_at") values (Demo Customer, customer@example.com, $2y$12$bMlWFElUKPoOXn5VxqH1pOUWbuV.FMzxj4jarzU3rN.TRlgM8dy7O, 2026-08-09 22:21:03, 2026-08-09 22:21:03)) {"exception":"[object] (Illuminate\\Database\\QueryException(code: 23000): SQLSTATE[23000]: Integrity constraint violation: 19 NOT NULL constraint failed: users.first_name (Connection: sqlite, Database: C:\\Users\\Gergs\\Documents\\Codex\\2026-08-10\\5-5\\work\\hardware-components-main\\hardware-components-main\\database\\database.sqlite, SQL: insert into \"users\" (\"name\", \"email\", \"password\", \"updated_at\", \"created_at\") values (Demo Customer, customer@example.com, $2y$12$bMlWFElUKPoOXn5VxqH1pOUWbuV.FMzxj4jarzU3rN.TRlgM8dy7O, 2026-08-09 22:21:03, 2026-08-09 22:21:03)) at C:/Users/Gergs/Documents/Codex/2026-08-10/5-5/work/hardware-components-main/hardware-components-main/vendor/laravel/framework/src/Illuminate/Database/Connection.php:838)
[stacktrace]
#0 C:/Users/Gergs/Documents/Codex/2026-08-10/5-5/work/hardware-components-main/hardware-components-main/vendor/laravel/framework/src/Illuminate/Database/Connection.php(794): Illuminate/Database/Connection->runQueryCallback('insert into \"us...', Array, Object(Closure))
#1 C:/Users/Gergs/Documents/Codex/2026-08-10/5-5/work/hardware-components-main/hardware-components-main/vendor/laravel/framework/src/Illuminate/Database/Connection.php(573): Illuminate/Database/Connection->run('insert into \"us...', Array, Object(Closure))
#2 C:/Users/Gergs/Documents/Codex/2026-08-10/5-5/work/hardware-components-main/hardware-components-main/vendor/laravel/framework/src/Illuminate/Database/Connection.php(537): Illuminate/Database/Connection->statement('insert into \"us...', Array)
#3 C:/Users/Gergs/Documents/Codex/2026-08-10/5-5/work/hardware-components-main/hardware-components-main/vendor/laravel/framework/src/Illuminate/Database/Query/Processors/Processor.php(32): Illuminate/Database/Connection->insert('insert into \"us...', Array)
#4 C:/Users/Gergs/Documents/Codex/2026-08-10/5-5/work/hardware-components-main/hardware-components-main/vendor/laravel/framework/src/Illuminate/Database/Query/Builder.php(4170): Illuminate/Database/Query/Processors/Processor->processInsertGetId(Object(Illuminate/Database/Query/Builder), 'insert into \"us...', Array, 'id')
#5 C:/Users/Gergs/Documents/Codex/2026-08-10/5-5/work/hardware-components-main/hardware-components-main/vendor/laravel/framework/src/Illuminate/Database/Eloquent/Builder.php(2237): Illuminate/Database/Query/Builder->insertGetId(Array, 'id')
#6 C:/Users/Gergs/Documents/Codex/2026-08-10/5-5/work/hardware-components-main/hardware-components-main/vendor/laravel/framework/src/Illuminate/Database/Eloquent/Model.php(1436): Illuminate/Database/Eloquent/Builder->__call('insertGetId', Array)
#7 C:/Users/Gergs/Documents/Codex/2026-08-10/5-5/work/hardware-components-main/hardware-components-main/vendor/laravel/framework/src/Illuminate/Database/Eloquent/Model.php(1401): Illuminate/Database/Eloquent/Model->insertAndSetId(Object(Illuminate/Database/Eloquent/Builder), Array)
#8 C:/Users/Gergs/Documents/Codex/2026-08-10/5-5/work/hardware-components-main/hardware-components-main/vendor/laravel/framework/src/Illuminate/Database/Eloquent/Model.php(1240): Illuminate/Database/Eloquent/Model->performInsert(Object(Illuminate/Database/Eloquent/Builder))
#9 C:/Users/Gergs/Documents/Codex/2026-08-10/5-5/work/hardware-components-main/hardware-components-main/vendor/laravel/framework/src/Illuminate/Database/Eloquent/Builder.php(1219): Illuminate/Database/Eloquent/Model->save()
#10 C:/Users/Gergs/Documents/Codex/2026-08-10/5-5/work/hardware-components-main/hardware-components-main/vendor/laravel/framework/src/Illuminate/Support/helpers.php(393): Illuminate/Database/Eloquent/Builder->Illuminate/Database/Eloquent/{closure}(Object(App/Models/User))
#11 C:/Users/Gergs/Documents/Codex/2026-08-10/5-5/work/hardware-components-main/hardware-components-main/vendor/laravel/framework/src/Illuminate/Database/Eloquent/Builder.php(1218): tap(Object(App/Models/User), Object(Closure))
#12 C:/Users/Gergs/Documents/Codex/2026-08-10/5-5/work/hardware-components-main/hardware-components-main/vendor/laravel/framework/src/Illuminate/Support/Traits/ForwardsCalls.php(23): Illuminate/Database/Eloquent/Builder->create(Array)
#13 C:/Users/Gergs/Documents/Codex/2026-08-10/5-5/work/hardware-components-main/hardware-components-main/vendor/laravel/framework/src/Illuminate/Database/Eloquent/Model.php(2544): Illuminate/Database/Eloquent/Model->forwardCallTo(Object(Illuminate/Database/Eloquent/Builder), 'create', Array)
#14 C:/Users/Gergs/Documents/Codex/2026-08-10/5-5/work/hardware-components-main/hardware-components-main/vendor/laravel/framework/src/Illuminate/Database/Eloquent/Model.php(2560): Illuminate/Database/Eloquent/Model->__call('create', Array)
#15 C:/Users/Gergs/Documents/Codex/2026-08-10/5-5/work/hardware-components-main/hardware-components-main/app/Http/Controllers/ShoppingController.php(226): Illuminate/Database/Eloquent/Model::__callStatic('create', Array)
#16 C:/Users/Gergs/Documents/Codex/2026-08-10/5-5/work/hardware-components-main/hardware-components-main/app/Http/Controllers/ShoppingController.php(215): App/Http/Controllers/ShoppingController->userId()
#17 C:/Users/Gergs/Documents/Codex/2026-08-10/5-5/work/hardware-components-main/hardware-components-main/app/Http/Controllers/ShoppingController.php(49): App/Http/Controllers/ShoppingController->getActiveCart()
#18 C:/Users/Gergs/Documents/Codex/2026-08-10/5-5/work/hardware-components-main/hardware-components-main/vendor/laravel/framework/src/Illuminate/Routing/ControllerDispatcher.php(46): App/Http/Controllers/ShoppingController->addToCart(Object(Illuminate/Http/Request), Object(App/Models/Product))
#19 C:/Users/Gergs/Documents/Codex/2026-08-10/5-5/work/hardware-components-main/hardware-components-main/vendor/laravel/framework/src/Illuminate/Routing/Route.php(265): Illuminate/Routing/ControllerDispatcher->dispatch(Object(Illuminate/Routing/Route), Object(App/Http/Controllers/ShoppingController), 'addToCart')
#20 C:/Users/Gergs/Documents/Codex/2026-08-10/5-5/work/hardware-components-main/hardware-components-main/vendor/laravel/framework/src/Illuminate/Routing/Route.php(211): Illuminate/Routing/Route->runController()
#21 C:/Users/Gergs/Documents/Codex/2026-08-10/5-5/work/hardware-components-main/hardware-components-main/vendor/laravel/framework/src/Illuminate/Routing/Router.php(822): Illuminate/Routing/Route->run()
#22 C:/Users/Gergs/Documents/Codex/2026-08-10/5-5/work/hardware-components-main/hardware-components-main/vendor/laravel/framework/src/Illuminate/Pipeline/Pipeline.php(180): Illuminate/Routing/Router->Illuminate/Routing/{closure}(Object(Illuminate/Http/Request))
#23 C:/Users/Gergs/Documents/Codex/2026-08-10/5-5/work/hardware-components-main/hardware-components-main/vendor/laravel/framework/src/Illuminate/Routing/Middleware/SubstituteBindings.php(50): Illuminate/Pipeline/Pipeline->Illuminate/Pipeline/{closure}(Object(Illuminate/Http/Request))
#24 C:/Users/Gergs/Documents/Codex/2026-08-10/5-5/work/hardware-components-main/hardware-components-main/vendor/laravel/framework/src/Illuminate/Pipeline/Pipeline.php(219): Illuminate/Routing/Middleware/SubstituteBindings->handle(Object(Illuminate/Http/Request), Object(Closure))
#25 C:/Users/Gergs/Documents/Codex/2026-08-10/5-5/work/hardware-components-main/hardware-components-main/vendor/laravel/framework/src/Illuminate/Foundation/Http/Middleware/VerifyCsrfToken.php(87): Illuminate/Pipeline/Pipeline->Illuminate/Pipeline/{closure}(Object(Illuminate/Http/Request))
#26 C:/Users/Gergs/Documents/Codex/2026-08-10/5-5/work/hardware-components-main/hardware-components-main/vendor/laravel/framework/src/Illuminate/Pipeline/Pipeline.php(219): Illuminate/Foundation/Http/Middleware/VerifyCsrfToken->handle(Object(Illuminate/Http/Request), Object(Closure))
#27 C:/Users/Gergs/Documents/Codex/2026-08-10/5-5/work/hardware-components-main/hardware-components-main/vendor/laravel/framework/src/Illuminate/View/Middleware/ShareErrorsFromSession.php(48): Illuminate/Pipeline/Pipeline->Illuminate/Pipeline/{closure}(Object(Illuminate/Http/Request))
#28 C:/Users/Gergs/Documents/Codex/2026-08-10/5-5/work/hardware-components-main/hardware-components-main/vendor/laravel/framework/src/Illuminate/Pipeline/Pipeline.php(219): Illuminate/View/Middleware/ShareErrorsFromSession->handle(Object(Illuminate/Http/Request), Object(Closure))
#29 C:/Users/Gergs/Documents/Codex/2026-08-10/5-5/work/hardware-components-main/hardware-components-main/vendor/laravel/framework/src/Illuminate/Session/Middleware/StartSession.php(120): Illuminate/Pipeline/Pipeline->Illuminate/Pipeline/{closure}(Object(Illuminate/Http/Request))
#30 C:/Users/Gergs/Documents/Codex/2026-08-10/5-5/work/hardware-components-main/hardware-components-main/vendor/laravel/framework/src/Illuminate/Session/Middleware/StartSession.php(63): Illuminate/Session/Middleware/StartSession->handleStatefulRequest(Object(Illuminate/Http/Request), Object(Illuminate/Session/Store), Object(Closure))
#31 C:/Users/Gergs/Documents/Codex/2026-08-10/5-5/work/hardware-components-main/hardware-components-main/vendor/laravel/framework/src/Illuminate/Pipeline/Pipeline.php(219): Illuminate/Session/Middleware/StartSession->handle(Object(Illuminate/Http/Request), Object(Closure))
#32 C:/Users/Gergs/Documents/Codex/2026-08-10/5-5/work/hardware-components-main/hardware-components-main/vendor/laravel/framework/src/Illuminate/Cookie/Middleware/AddQueuedCookiesToResponse.php(36): Illuminate/Pipeline/Pipeline->Illuminate/Pipeline/{closure}(Object(Illuminate/Http/Request))
#33 C:/Users/Gergs/Documents/Codex/2026-08-10/5-5/work/hardware-components-main/hardware-components-main/vendor/laravel/framework/src/Illuminate/Pipeline/Pipeline.php(219): Illuminate/Cookie/Middleware/AddQueuedCookiesToResponse->handle(Object(Illuminate/Http/Request), Object(Closure))
#34 C:/Users/Gergs/Documents/Codex/2026-08-10/5-5/work/hardware-components-main/hardware-components-main/vendor/laravel/framework/src/Illuminate/Cookie/Middleware/EncryptCookies.php(74): Illuminate/Pipeline/Pipeline->Illuminate/Pipeline/{closure}(Object(Illuminate/Http/Request))
#35 C:/Users/Gergs/Documents/Codex/2026-08-10/5-5/work/hardware-components-main/hardware-components-main/vendor/laravel/framework/src/Illuminate/Pipeline/Pipeline.php(219): Illuminate/Cookie/Middleware/EncryptCookies->handle(Object(Illuminate/Http/Request), Object(Closure))
#36 C:/Users/Gergs/Documents/Codex/2026-08-10/5-5/work/hardware-components-main/hardware-components-main/vendor/laravel/framework/src/Illuminate/Pipeline/Pipeline.php(137): Illuminate/Pipeline/Pipeline->Illuminate/Pipeline/{closure}(Object(Illuminate/Http/Request))
#37 C:/Users/Gergs/Documents/Codex/2026-08-10/5-5/work/hardware-components-main/hardware-components-main/vendor/laravel/framework/src/Illuminate/Routing/Router.php(821): Illuminate/Pipeline/Pipeline->then(Object(Closure))
#38 C:/Users/Gergs/Documents/Codex/2026-08-10/5-5/work/hardware-components-main/hardware-components-main/vendor/laravel/framework/src/Illuminate/Routing/Router.php(800): Illuminate/Routing/Router->runRouteWithinStack(Object(Illuminate/Routing/Route), Object(Illuminate/Http/Request))
#39 C:/Users/Gergs/Documents/Codex/2026-08-10/5-5/work/hardware-components-main/hardware-components-main/vendor/laravel/framework/src/Illuminate/Routing/Router.php(764): Illuminate/Routing/Router->runRoute(Object(Illuminate/Http/Request), Object(Illuminate/Routing/Route))
#40 C:/Users/Gergs/Documents/Codex/2026-08-10/5-5/work/hardware-components-main/hardware-components-main/vendor/laravel/framework/src/Illuminate/Routing/Router.php(753): Illuminate/Routing/Router->dispatchToRoute(Object(Illuminate/Http/Request))
#41 C:/Users/Gergs/Documents/Codex/2026-08-10/5-5/work/hardware-components-main/hardware-components-main/vendor/laravel/framework/src/Illuminate/Foundation/Http/Kernel.php(200): Illuminate/Routing/Router->dispatch(Object(Illuminate/Http/Request))
#42 C:/Users/Gergs/Documents/Codex/2026-08-10/5-5/work/hardware-components-main/hardware-components-main/vendor/laravel/framework/src/Illuminate/Pipeline/Pipeline.php(180): Illuminate/Foundation/Http/Kernel->Illuminate/Foundation/Http/{closure}(Object(Illuminate/Http/Request))
#43 C:/Users/Gergs/Documents/Codex/2026-08-10/5-5/work/hardware-components-main/hardware-components-main/vendor/laravel/framework/src/Illuminate/Foundation/Http/Middleware/TransformsRequest.php(21): Illuminate/Pipeline/Pipeline->Illuminate/Pipeline/{closure}(Object(Illuminate/Http/Request))
#44 C:/Users/Gergs/Documents/Codex/2026-08-10/5-5/work/hardware-components-main/hardware-components-main/vendor/laravel/framework/src/Illuminate/Foundation/Http/Middleware/ConvertEmptyStringsToNull.php(31): Illuminate/Foundation/Http/Middleware/TransformsRequest->handle(Object(Illuminate/Http/Request), Object(Closure))
#45 C:/Users/Gergs/Documents/Codex/2026-08-10/5-5/work/hardware-components-main/hardware-components-main/vendor/laravel/framework/src/Illuminate/Pipeline/Pipeline.php(219): Illuminate/Foundation/Http/Middleware/ConvertEmptyStringsToNull->handle(Object(Illuminate/Http/Request), Object(Closure))
#46 C:/Users/Gergs/Documents/Codex/2026-08-10/5-5/work/hardware-components-main/hardware-components-main/vendor/laravel/framework/src/Illuminate/Foundation/Http/Middleware/TransformsRequest.php(21): Illuminate/Pipeline/Pipeline->Illuminate/Pipeline/{closure}(Object(Illuminate/Http/Request))
#47 C:/Users/Gergs/Documents/Codex/2026-08-10/5-5/work/hardware-components-main/hardware-components-main/vendor/laravel/framework/src/Illuminate/Foundation/Http/Middleware/TrimStrings.php(51): Illuminate/Foundation/Http/Middleware/TransformsRequest->handle(Object(Illuminate/Http/Request), Object(Closure))
#48 C:/Users/Gergs/Documents/Codex/2026-08-10/5-5/work/hardware-components-main/hardware-components-main/vendor/laravel/framework/src/Illuminate/Pipeline/Pipeline.php(219): Illuminate/Foundation/Http/Middleware/TrimStrings->handle(Object(Illuminate/Http/Request), Object(Closure))
#49 C:/Users/Gergs/Documents/Codex/2026-08-10/5-5/work/hardware-components-main/hardware-components-main/vendor/laravel/framework/src/Illuminate/Http/Middleware/ValidatePostSize.php(27): Illuminate/Pipeline/Pipeline->Illuminate/Pipeline/{closure}(Object(Illuminate/Http/Request))
#50 C:/Users/Gergs/Documents/Codex/2026-08-10/5-5/work/hardware-components-main/hardware-components-main/vendor/laravel/framework/src/Illuminate/Pipeline/Pipeline.php(219): Illuminate/Http/Middleware/ValidatePostSize->handle(Object(Illuminate/Http/Request), Object(Closure))
#51 C:/Users/Gergs/Documents/Codex/2026-08-10/5-5/work/hardware-components-main/hardware-components-main/vendor/laravel/framework/src/Illuminate/Foundation/Http/Middleware/PreventRequestsDuringMaintenance.php(109): Illuminate/Pipeline/Pipeline->Illuminate/Pipeline/{closure}(Object(Illuminate/Http/Request))
#52 C:/Users/Gergs/Documents/Codex/2026-08-10/5-5/work/hardware-components-main/hardware-components-main/vendor/laravel/framework/src/Illuminate/Pipeline/Pipeline.php(219): Illuminate/Foundation/Http/Middleware/PreventRequestsDuringMaintenance->handle(Object(Illuminate/Http/Request), Object(Closure))
#53 C:/Users/Gergs/Documents/Codex/2026-08-10/5-5/work/hardware-components-main/hardware-components-main/vendor/laravel/framework/src/Illuminate/Http/Middleware/HandleCors.php(61): Illuminate/Pipeline/Pipeline->Illuminate/Pipeline/{closure}(Object(Illuminate/Http/Request))
#54 C:/Users/Gergs/Documents/Codex/2026-08-10/5-5/work/hardware-components-main/hardware-components-main/vendor/laravel/framework/src/Illuminate/Pipeline/Pipeline.php(219): Illuminate/Http/Middleware/HandleCors->handle(Object(Illuminate/Http/Request), Object(Closure))
#55 C:/Users/Gergs/Documents/Codex/2026-08-10/5-5/work/hardware-components-main/hardware-components-main/vendor/laravel/framework/src/Illuminate/Http/Middleware/TrustProxies.php(58): Illuminate/Pipeline/Pipeline->Illuminate/Pipeline/{closure}(Object(Illuminate/Http/Request))
#56 C:/Users/Gergs/Documents/Codex/2026-08-10/5-5/work/hardware-components-main/hardware-components-main/vendor/laravel/framework/src/Illuminate/Pipeline/Pipeline.php(219): Illuminate/Http/Middleware/TrustProxies->handle(Object(Illuminate/Http/Request), Object(Closure))
#57 C:/Users/Gergs/Documents/Codex/2026-08-10/5-5/work/hardware-components-main/hardware-components-main/vendor/laravel/framework/src/Illuminate/Foundation/Http/Middleware/InvokeDeferredCallbacks.php(22): Illuminate/Pipeline/Pipeline->Illuminate/Pipeline/{closure}(Object(Illuminate/Http/Request))
#58 C:/Users/Gergs/Documents/Codex/2026-08-10/5-5/work/hardware-components-main/hardware-components-main/vendor/laravel/framework/src/Illuminate/Pipeline/Pipeline.php(219): Illuminate/Foundation/Http/Middleware/InvokeDeferredCallbacks->handle(Object(Illuminate/Http/Request), Object(Closure))
#59 C:/Users/Gergs/Documents/Codex/2026-08-10/5-5/work/hardware-components-main/hardware-components-main/vendor/laravel/framework/src/Illuminate/Http/Middleware/ValidatePathEncoding.php(26): Illuminate/Pipeline/Pipeline->Illuminate/Pipeline/{closure}(Object(Illuminate/Http/Request))
#60 C:/Users/Gergs/Documents/Codex/2026-08-10/5-5/work/hardware-components-main/hardware-components-main/vendor/laravel/framework/src/Illuminate/Pipeline/Pipeline.php(219): Illuminate/Http/Middleware/ValidatePathEncoding->handle(Object(Illuminate/Http/Request), Object(Closure))
#61 C:/Users/Gergs/Documents/Codex/2026-08-10/5-5/work/hardware-components-main/hardware-components-main/vendor/laravel/framework/src/Illuminate/Pipeline/Pipeline.php(137): Illuminate/Pipeline/Pipeline->Illuminate/Pipeline/{closure}(Object(Illuminate/Http/Request))
#62 C:/Users/Gergs/Documents/Codex/2026-08-10/5-5/work/hardware-components-main/hardware-components-main/vendor/laravel/framework/src/Illuminate/Foundation/Http/Kernel.php(175): Illuminate/Pipeline/Pipeline->then(Object(Closure))
#63 C:/Users/Gergs/Documents/Codex/2026-08-10/5-5/work/hardware-components-main/hardware-components-main/vendor/laravel/framework/src/Illuminate/Foundation/Http/Kernel.php(144): Illuminate/Foundation/Http/Kernel->sendRequestThroughRouter(Object(Illuminate/Http/Request))
#64 C:/Users/Gergs/Documents/Codex/2026-08-10/5-5/work/hardware-components-main/hardware-components-main/vendor/laravel/framework/src/Illuminate/Foundation/Application.php(1220): Illuminate/Foundation/Http/Kernel->handle(Object(Illuminate/Http/Request))
#65 C:/Users/Gergs/Documents/Codex/2026-08-10/5-5/work/hardware-components-main/hardware-components-main/public/index.php(20): Illuminate/Foundation/Application->handleRequest(Object(Illuminate/Http/Request))
#66 C:/Users/Gergs/Documents/Codex/2026-08-10/5-5/work/hardware-components-main/hardware-components-main/vendor/laravel/framework/src/Illuminate/Foundation/resources/server.php(23): require_once('C://Users//Gergs//...')
#67 {main}

[previous exception] [object] (PDOException(code: 23000): SQLSTATE[23000]: Integrity constraint violation: 19 NOT NULL constraint failed: users.first_name at C:/Users/Gergs/Documents/Codex/2026-08-10/5-5/work/hardware-components-main/hardware-components-main/vendor/laravel/framework/src/Illuminate/Database/Connection.php:584)
[stacktrace]
#0 C:/Users/Gergs/Documents/Codex/2026-08-10/5-5/work/hardware-components-main/hardware-components-main/vendor/laravel/framework/src/Illuminate/Database/Connection.php(584): PDOStatement->execute()
#1 C:/Users/Gergs/Documents/Codex/2026-08-10/5-5/work/hardware-components-main/hardware-components-main/vendor/laravel/framework/src/Illuminate/Database/Connection.php(827): Illuminate/Database/Connection->Illuminate/Database/{closure}('insert into \"us...', Array)
#2 C:/Users/Gergs/Documents/Codex/2026-08-10/5-5/work/hardware-components-main/hardware-components-main/vendor/laravel/framework/src/Illuminate/Database/Connection.php(794): Illuminate/Database/Connection->runQueryCallback('insert into \"us...', Array, Object(Closure))
#3 C:/Users/Gergs/Documents/Codex/2026-08-10/5-5/work/hardware-components-main/hardware-components-main/vendor/laravel/framework/src/Illuminate/Database/Connection.php(573): Illuminate/Database/Connection->run('insert into \"us...', Array, Object(Closure))
#4 C:/Users/Gergs/Documents/Codex/2026-08-10/5-5/work/hardware-components-main/hardware-components-main/vendor/laravel/framework/src/Illuminate/Database/Connection.php(537): Illuminate/Database/Connection->statement('insert into \"us...', Array)
#5 C:/Users/Gergs/Documents/Codex/2026-08-10/5-5/work/hardware-components-main/hardware-components-main/vendor/laravel/framework/src/Illuminate/Database/Query/Processors/Processor.php(32): Illuminate/Database/Connection->insert('insert into \"us...', Array)
#6 C:/Users/Gergs/Documents/Codex/2026-08-10/5-5/work/hardware-components-main/hardware-components-main/vendor/laravel/framework/src/Illuminate/Database/Query/Builder.php(4170): Illuminate/Database/Query/Processors/Processor->processInsertGetId(Object(Illuminate/Database/Query/Builder), 'insert into \"us...', Array, 'id')
#7 C:/Users/Gergs/Documents/Codex/2026-08-10/5-5/work/hardware-components-main/hardware-components-main/vendor/laravel/framework/src/Illuminate/Database/Eloquent/Builder.php(2237): Illuminate/Database/Query/Builder->insertGetId(Array, 'id')
#8 C:/Users/Gergs/Documents/Codex/2026-08-10/5-5/work/hardware-components-main/hardware-components-main/vendor/laravel/framework/src/Illuminate/Database/Eloquent/Model.php(1436): Illuminate/Database/Eloquent/Builder->__call('insertGetId', Array)
#9 C:/Users/Gergs/Documents/Codex/2026-08-10/5-5/work/hardware-components-main/hardware-components-main/vendor/laravel/framework/src/Illuminate/Database/Eloquent/Model.php(1401): Illuminate/Database/Eloquent/Model->insertAndSetId(Object(Illuminate/Database/Eloquent/Builder), Array)
#10 C:/Users/Gergs/Documents/Codex/2026-08-10/5-5/work/hardware-components-main/hardware-components-main/vendor/laravel/framework/src/Illuminate/Database/Eloquent/Model.php(1240): Illuminate/Database/Eloquent/Model->performInsert(Object(Illuminate/Database/Eloquent/Builder))
#11 C:/Users/Gergs/Documents/Codex/2026-08-10/5-5/work/hardware-components-main/hardware-components-main/vendor/laravel/framework/src/Illuminate/Database/Eloquent/Builder.php(1219): Illuminate/Database/Eloquent/Model->save()
#12 C:/Users/Gergs/Documents/Codex/2026-08-10/5-5/work/hardware-components-main/hardware-components-main/vendor/laravel/framework/src/Illuminate/Support/helpers.php(393): Illuminate/Database/Eloquent/Builder->Illuminate/Database/Eloquent/{closure}(Object(App/Models/User))
#13 C:/Users/Gergs/Documents/Codex/2026-08-10/5-5/work/hardware-components-main/hardware-components-main/vendor/laravel/framework/src/Illuminate/Database/Eloquent/Builder.php(1218): tap(Object(App/Models/User), Object(Closure))
#14 C:/Users/Gergs/Documents/Codex/2026-08-10/5-5/work/hardware-components-main/hardware-components-main/vendor/laravel/framework/src/Illuminate/Support/Traits/ForwardsCalls.php(23): Illuminate/Database/Eloquent/Builder->create(Array)
#15 C:/Users/Gergs/Documents/Codex/2026-08-10/5-5/work/hardware-components-main/hardware-components-main/vendor/laravel/framework/src/Illuminate/Database/Eloquent/Model.php(2544): Illuminate/Database/Eloquent/Model->forwardCallTo(Object(Illuminate/Database/Eloquent/Builder), 'create', Array)
#16 C:/Users/Gergs/Documents/Codex/2026-08-10/5-5/work/hardware-components-main/hardware-components-main/vendor/laravel/framework/src/Illuminate/Database/Eloquent/Model.php(2560): Illuminate/Database/Eloquent/Model->__call('create', Array)
#17 C:/Users/Gergs/Documents/Codex/2026-08-10/5-5/work/hardware-components-main/hardware-components-main/app/Http/Controllers/ShoppingController.php(226): Illuminate/Database/Eloquent/Model::__callStatic('create', Array)
#18 C:/Users/Gergs/Documents/Codex/2026-08-10/5-5/work/hardware-components-main/hardware-components-main/app/Http/Controllers/ShoppingController.php(215): App/Http/Controllers/ShoppingController->userId()
#19 C:/Users/Gergs/Documents/Codex/2026-08-10/5-5/work/hardware-components-main/hardware-components-main/app/Http/Controllers/ShoppingController.php(49): App/Http/Controllers/ShoppingController->getActiveCart()
#20 C:/Users/Gergs/Documents/Codex/2026-08-10/5-5/work/hardware-components-main/hardware-components-main/vendor/laravel/framework/src/Illuminate/Routing/ControllerDispatcher.php(46): App/Http/Controllers/ShoppingController->addToCart(Object(Illuminate/Http/Request), Object(App/Models/Product))
#21 C:/Users/Gergs/Documents/Codex/2026-08-10/5-5/work/hardware-components-main/hardware-components-main/vendor/laravel/framework/src/Illuminate/Routing/Route.php(265): Illuminate/Routing/ControllerDispatcher->dispatch(Object(Illuminate/Routing/Route), Object(App/Http/Controllers/ShoppingController), 'addToCart')
#22 C:/Users/Gergs/Documents/Codex/2026-08-10/5-5/work/hardware-components-main/hardware-components-main/vendor/laravel/framework/src/Illuminate/Routing/Route.php(211): Illuminate/Routing/Route->runController()
#23 C:/Users/Gergs/Documents/Codex/2026-08-10/5-5/work/hardware-components-main/hardware-components-main/vendor/laravel/framework/src/Illuminate/Routing/Router.php(822): Illuminate/Routing/Route->run()
#24 C:/Users/Gergs/Documents/Codex/2026-08-10/5-5/work/hardware-components-main/hardware-components-main/vendor/laravel/framework/src/Illuminate/Pipeline/Pipeline.php(180): Illuminate/Routing/Router->Illuminate/Routing/{closure}(Object(Illuminate/Http/Request))
#25 C:/Users/Gergs/Documents/Codex/2026-08-10/5-5/work/hardware-components-main/hardware-components-main/vendor/laravel/framework/src/Illuminate/Routing/Middleware/SubstituteBindings.php(50): Illuminate/Pipeline/Pipeline->Illuminate/Pipeline/{closure}(Object(Illuminate/Http/Request))
#26 C:/Users/Gergs/Documents/Codex/2026-08-10/5-5/work/hardware-components-main/hardware-components-main/vendor/laravel/framework/src/Illuminate/Pipeline/Pipeline.php(219): Illuminate/Routing/Middleware/SubstituteBindings->handle(Object(Illuminate/Http/Request), Object(Closure))
#27 C:/Users/Gergs/Documents/Codex/2026-08-10/5-5/work/hardware-components-main/hardware-components-main/vendor/laravel/framework/src/Illuminate/Foundation/Http/Middleware/VerifyCsrfToken.php(87): Illuminate/Pipeline/Pipeline->Illuminate/Pipeline/{closure}(Object(Illuminate/Http/Request))
#28 C:/Users/Gergs/Documents/Codex/2026-08-10/5-5/work/hardware-components-main/hardware-components-main/vendor/laravel/framework/src/Illuminate/Pipeline/Pipeline.php(219): Illuminate/Foundation/Http/Middleware/VerifyCsrfToken->handle(Object(Illuminate/Http/Request), Object(Closure))
#29 C:/Users/Gergs/Documents/Codex/2026-08-10/5-5/work/hardware-components-main/hardware-components-main/vendor/laravel/framework/src/Illuminate/View/Middleware/ShareErrorsFromSession.php(48): Illuminate/Pipeline/Pipeline->Illuminate/Pipeline/{closure}(Object(Illuminate/Http/Request))
#30 C:/Users/Gergs/Documents/Codex/2026-08-10/5-5/work/hardware-components-main/hardware-components-main/vendor/laravel/framework/src/Illuminate/Pipeline/Pipeline.php(219): Illuminate/View/Middleware/ShareErrorsFromSession->handle(Object(Illuminate/Http/Request), Object(Closure))
#31 C:/Users/Gergs/Documents/Codex/2026-08-10/5-5/work/hardware-components-main/hardware-components-main/vendor/laravel/framework/src/Illuminate/Session/Middleware/StartSession.php(120): Illuminate/Pipeline/Pipeline->Illuminate/Pipeline/{closure}(Object(Illuminate/Http/Request))
#32 C:/Users/Gergs/Documents/Codex/2026-08-10/5-5/work/hardware-components-main/hardware-components-main/vendor/laravel/framework/src/Illuminate/Session/Middleware/StartSession.php(63): Illuminate/Session/Middleware/StartSession->handleStatefulRequest(Object(Illuminate/Http/Request), Object(Illuminate/Session/Store), Object(Closure))
#33 C:/Users/Gergs/Documents/Codex/2026-08-10/5-5/work/hardware-components-main/hardware-components-main/vendor/laravel/framework/src/Illuminate/Pipeline/Pipeline.php(219): Illuminate/Session/Middleware/StartSession->handle(Object(Illuminate/Http/Request), Object(Closure))
#34 C:/Users/Gergs/Documents/Codex/2026-08-10/5-5/work/hardware-components-main/hardware-components-main/vendor/laravel/framework/src/Illuminate/Cookie/Middleware/AddQueuedCookiesToResponse.php(36): Illuminate/Pipeline/Pipeline->Illuminate/Pipeline/{closure}(Object(Illuminate/Http/Request))
#35 C:/Users/Gergs/Documents/Codex/2026-08-10/5-5/work/hardware-components-main/hardware-components-main/vendor/laravel/framework/src/Illuminate/Pipeline/Pipeline.php(219): Illuminate/Cookie/Middleware/AddQueuedCookiesToResponse->handle(Object(Illuminate/Http/Request), Object(Closure))
#36 C:/Users/Gergs/Documents/Codex/2026-08-10/5-5/work/hardware-components-main/hardware-components-main/vendor/laravel/framework/src/Illuminate/Cookie/Middleware/EncryptCookies.php(74): Illuminate/Pipeline/Pipeline->Illuminate/Pipeline/{closure}(Object(Illuminate/Http/Request))
#37 C:/Users/Gergs/Documents/Codex/2026-08-10/5-5/work/hardware-components-main/hardware-components-main/vendor/laravel/framework/src/Illuminate/Pipeline/Pipeline.php(219): Illuminate/Cookie/Middleware/EncryptCookies->handle(Object(Illuminate/Http/Request), Object(Closure))
#38 C:/Users/Gergs/Documents/Codex/2026-08-10/5-5/work/hardware-components-main/hardware-components-main/vendor/laravel/framework/src/Illuminate/Pipeline/Pipeline.php(137): Illuminate/Pipeline/Pipeline->Illuminate/Pipeline/{closure}(Object(Illuminate/Http/Request))
#39 C:/Users/Gergs/Documents/Codex/2026-08-10/5-5/work/hardware-components-main/hardware-components-main/vendor/laravel/framework/src/Illuminate/Routing/Router.php(821): Illuminate/Pipeline/Pipeline->then(Object(Closure))
#40 C:/Users/Gergs/Documents/Codex/2026-08-10/5-5/work/hardware-components-main/hardware-components-main/vendor/laravel/framework/src/Illuminate/Routing/Router.php(800): Illuminate/Routing/Router->runRouteWithinStack(Object(Illuminate/Routing/Route), Object(Illuminate/Http/Request))
#41 C:/Users/Gergs/Documents/Codex/2026-08-10/5-5/work/hardware-components-main/hardware-components-main/vendor/laravel/framework/src/Illuminate/Routing/Router.php(764): Illuminate/Routing/Router->runRoute(Object(Illuminate/Http/Request), Object(Illuminate/Routing/Route))
#42 C:/Users/Gergs/Documents/Codex/2026-08-10/5-5/work/hardware-components-main/hardware-components-main/vendor/laravel/framework/src/Illuminate/Routing/Router.php(753): Illuminate/Routing/Router->dispatchToRoute(Object(Illuminate/Http/Request))
#43 C:/Users/Gergs/Documents/Codex/2026-08-10/5-5/work/hardware-components-main/hardware-components-main/vendor/laravel/framework/src/Illuminate/Foundation/Http/Kernel.php(200): Illuminate/Routing/Router->dispatch(Object(Illuminate/Http/Request))
#44 C:/Users/Gergs/Documents/Codex/2026-08-10/5-5/work/hardware-components-main/hardware-components-main/vendor/laravel/framework/src/Illuminate/Pipeline/Pipeline.php(180): Illuminate/Foundation/Http/Kernel->Illuminate/Foundation/Http/{closure}(Object(Illuminate/Http/Request))
#45 C:/Users/Gergs/Documents/Codex/2026-08-10/5-5/work/hardware-components-main/hardware-components-main/vendor/laravel/framework/src/Illuminate/Foundation/Http/Middleware/TransformsRequest.php(21): Illuminate/Pipeline/Pipeline->Illuminate/Pipeline/{closure}(Object(Illuminate/Http/Request))
#46 C:/Users/Gergs/Documents/Codex/2026-08-10/5-5/work/hardware-components-main/hardware-components-main/vendor/laravel/framework/src/Illuminate/Foundation/Http/Middleware/ConvertEmptyStringsToNull.php(31): Illuminate/Foundation/Http/Middleware/TransformsRequest->handle(Object(Illuminate/Http/Request), Object(Closure))
#47 C:/Users/Gergs/Documents/Codex/2026-08-10/5-5/work/hardware-components-main/hardware-components-main/vendor/laravel/framework/src/Illuminate/Pipeline/Pipeline.php(219): Illuminate/Foundation/Http/Middleware/ConvertEmptyStringsToNull->handle(Object(Illuminate/Http/Request), Object(Closure))
#48 C:/Users/Gergs/Documents/Codex/2026-08-10/5-5/work/hardware-components-main/hardware-components-main/vendor/laravel/framework/src/Illuminate/Foundation/Http/Middleware/TransformsRequest.php(21): Illuminate/Pipeline/Pipeline->Illuminate/Pipeline/{closure}(Object(Illuminate/Http/Request))
#49 C:/Users/Gergs/Documents/Codex/2026-08-10/5-5/work/hardware-components-main/hardware-components-main/vendor/laravel/framework/src/Illuminate/Foundation/Http/Middleware/TrimStrings.php(51): Illuminate/Foundation/Http/Middleware/TransformsRequest->handle(Object(Illuminate/Http/Request), Object(Closure))
#50 C:/Users/Gergs/Documents/Codex/2026-08-10/5-5/work/hardware-components-main/hardware-components-main/vendor/laravel/framework/src/Illuminate/Pipeline/Pipeline.php(219): Illuminate/Foundation/Http/Middleware/TrimStrings->handle(Object(Illuminate/Http/Request), Object(Closure))
#51 C:/Users/Gergs/Documents/Codex/2026-08-10/5-5/work/hardware-components-main/hardware-components-main/vendor/laravel/framework/src/Illuminate/Http/Middleware/ValidatePostSize.php(27): Illuminate/Pipeline/Pipeline->Illuminate/Pipeline/{closure}(Object(Illuminate/Http/Request))
#52 C:/Users/Gergs/Documents/Codex/2026-08-10/5-5/work/hardware-components-main/hardware-components-main/vendor/laravel/framework/src/Illuminate/Pipeline/Pipeline.php(219): Illuminate/Http/Middleware/ValidatePostSize->handle(Object(Illuminate/Http/Request), Object(Closure))
#53 C:/Users/Gergs/Documents/Codex/2026-08-10/5-5/work/hardware-components-main/hardware-components-main/vendor/laravel/framework/src/Illuminate/Foundation/Http/Middleware/PreventRequestsDuringMaintenance.php(109): Illuminate/Pipeline/Pipeline->Illuminate/Pipeline/{closure}(Object(Illuminate/Http/Request))
#54 C:/Users/Gergs/Documents/Codex/2026-08-10/5-5/work/hardware-components-main/hardware-components-main/vendor/laravel/framework/src/Illuminate/Pipeline/Pipeline.php(219): Illuminate/Foundation/Http/Middleware/PreventRequestsDuringMaintenance->handle(Object(Illuminate/Http/Request), Object(Closure))
#55 C:/Users/Gergs/Documents/Codex/2026-08-10/5-5/work/hardware-components-main/hardware-components-main/vendor/laravel/framework/src/Illuminate/Http/Middleware/HandleCors.php(61): Illuminate/Pipeline/Pipeline->Illuminate/Pipeline/{closure}(Object(Illuminate/Http/Request))
#56 C:/Users/Gergs/Documents/Codex/2026-08-10/5-5/work/hardware-components-main/hardware-components-main/vendor/laravel/framework/src/Illuminate/Pipeline/Pipeline.php(219): Illuminate/Http/Middleware/HandleCors->handle(Object(Illuminate/Http/Request), Object(Closure))
#57 C:/Users/Gergs/Documents/Codex/2026-08-10/5-5/work/hardware-components-main/hardware-components-main/vendor/laravel/framework/src/Illuminate/Http/Middleware/TrustProxies.php(58): Illuminate/Pipeline/Pipeline->Illuminate/Pipeline/{closure}(Object(Illuminate/Http/Request))
#58 C:/Users/Gergs/Documents/Codex/2026-08-10/5-5/work/hardware-components-main/hardware-components-main/vendor/laravel/framework/src/Illuminate/Pipeline/Pipeline.php(219): Illuminate/Http/Middleware/TrustProxies->handle(Object(Illuminate/Http/Request), Object(Closure))
#59 C:/Users/Gergs/Documents/Codex/2026-08-10/5-5/work/hardware-components-main/hardware-components-main/vendor/laravel/framework/src/Illuminate/Foundation/Http/Middleware/InvokeDeferredCallbacks.php(22): Illuminate/Pipeline/Pipeline->Illuminate/Pipeline/{closure}(Object(Illuminate/Http/Request))
#60 C:/Users/Gergs/Documents/Codex/2026-08-10/5-5/work/hardware-components-main/hardware-components-main/vendor/laravel/framework/src/Illuminate/Pipeline/Pipeline.php(219): Illuminate/Foundation/Http/Middleware/InvokeDeferredCallbacks->handle(Object(Illuminate/Http/Request), Object(Closure))
#61 C:/Users/Gergs/Documents/Codex/2026-08-10/5-5/work/hardware-components-main/hardware-components-main/vendor/laravel/framework/src/Illuminate/Http/Middleware/ValidatePathEncoding.php(26): Illuminate/Pipeline/Pipeline->Illuminate/Pipeline/{closure}(Object(Illuminate/Http/Request))
#62 C:/Users/Gergs/Documents/Codex/2026-08-10/5-5/work/hardware-components-main/hardware-components-main/vendor/laravel/framework/src/Illuminate/Pipeline/Pipeline.php(219): Illuminate/Http/Middleware/ValidatePathEncoding->handle(Object(Illuminate/Http/Request), Object(Closure))
#63 C:/Users/Gergs/Documents/Codex/2026-08-10/5-5/work/hardware-components-main/hardware-components-main/vendor/laravel/framework/src/Illuminate/Pipeline/Pipeline.php(137): Illuminate/Pipeline/Pipeline->Illuminate/Pipeline/{closure}(Object(Illuminate/Http/Request))
#64 C:/Users/Gergs/Documents/Codex/2026-08-10/5-5/work/hardware-components-main/hardware-components-main/vendor/laravel/framework/src/Illuminate/Foundation/Http/Kernel.php(175): Illuminate/Pipeline/Pipeline->then(Object(Closure))
#65 C:/Users/Gergs/Documents/Codex/2026-08-10/5-5/work/hardware-components-main/hardware-components-main/vendor/laravel/framework/src/Illuminate/Foundation/Http/Kernel.php(144): Illuminate/Foundation/Http/Kernel->sendRequestThroughRouter(Object(Illuminate/Http/Request))
#66 C:/Users/Gergs/Documents/Codex/2026-08-10/5-5/work/hardware-components-main/hardware-components-main/vendor/laravel/framework/src/Illuminate/Foundation/Application.php(1220): Illuminate/Foundation/Http/Kernel->handle(Object(Illuminate/Http/Request))
#67 C:/Users/Gergs/Documents/Codex/2026-08-10/5-5/work/hardware-components-main/hardware-components-main/public/index.php(20): Illuminate/Foundation/Application->handleRequest(Object(Illuminate/Http/Request))
#68 C:/Users/Gergs/Documents/Codex/2026-08-10/5-5/work/hardware-components-main/hardware-components-main/vendor/laravel/framework/src/Illuminate/Foundation/resources/server.php(23): require_once('C://Users//Gergs//...')
#69 {main}
"} 
[2026-08-09 22:21:28] local.ERROR: SQLSTATE[23000]: Integrity constraint violation: 19 NOT NULL constraint failed: users.first_name (Connection: sqlite, Database: C:\Users\Gergs\Documents\Codex\2026-08-10\5-5\work\hardware-components-main\hardware-components-main\database\database.sqlite, SQL: insert into "users" ("name", "email", "password", "updated_at", "created_at") values (Demo Customer, customer@example.com, $2y$12$VChiuvVVa9E/Lz7TMcXm8eEBNu2UvNP0uBxjaZmyvCMICI.c9CXSO, 2026-08-09 22:21:28, 2026-08-09 22:21:28)) {"exception":"[object] (Illuminate\\Database\\QueryException(code: 23000): SQLSTATE[23000]: Integrity constraint violation: 19 NOT NULL constraint failed: users.first_name (Connection: sqlite, Database: C:\\Users\\Gergs\\Documents\\Codex\\2026-08-10\\5-5\\work\\hardware-components-main\\hardware-components-main\\database\\database.sqlite, SQL: insert into \"users\" (\"name\", \"email\", \"password\", \"updated_at\", \"created_at\") values (Demo Customer, customer@example.com, $2y$12$VChiuvVVa9E/Lz7TMcXm8eEBNu2UvNP0uBxjaZmyvCMICI.c9CXSO, 2026-08-09 22:21:28, 2026-08-09 22:21:28)) at C:/Users/Gergs/Documents/Codex/2026-08-10/5-5/work/hardware-components-main/hardware-components-main/vendor/laravel/framework/src/Illuminate/Database/Connection.php:838)
[stacktrace]
#0 C:/Users/Gergs/Documents/Codex/2026-08-10/5-5/work/hardware-components-main/hardware-components-main/vendor/laravel/framework/src/Illuminate/Database/Connection.php(794): Illuminate/Database/Connection->runQueryCallback('insert into \"us...', Array, Object(Closure))
#1 C:/Users/Gergs/Documents/Codex/2026-08-10/5-5/work/hardware-components-main/hardware-components-main/vendor/laravel/framework/src/Illuminate/Database/Connection.php(573): Illuminate/Database/Connection->run('insert into \"us...', Array, Object(Closure))
#2 C:/Users/Gergs/Documents/Codex/2026-08-10/5-5/work/hardware-components-main/hardware-components-main/vendor/laravel/framework/src/Illuminate/Database/Connection.php(537): Illuminate/Database/Connection->statement('insert into \"us...', Array)
#3 C:/Users/Gergs/Documents/Codex/2026-08-10/5-5/work/hardware-components-main/hardware-components-main/vendor/laravel/framework/src/Illuminate/Database/Query/Processors/Processor.php(32): Illuminate/Database/Connection->insert('insert into \"us...', Array)
#4 C:/Users/Gergs/Documents/Codex/2026-08-10/5-5/work/hardware-components-main/hardware-components-main/vendor/laravel/framework/src/Illuminate/Database/Query/Builder.php(4170): Illuminate/Database/Query/Processors/Processor->processInsertGetId(Object(Illuminate/Database/Query/Builder), 'insert into \"us...', Array, 'id')
#5 C:/Users/Gergs/Documents/Codex/2026-08-10/5-5/work/hardware-components-main/hardware-components-main/vendor/laravel/framework/src/Illuminate/Database/Eloquent/Builder.php(2237): Illuminate/Database/Query/Builder->insertGetId(Array, 'id')
#6 C:/Users/Gergs/Documents/Codex/2026-08-10/5-5/work/hardware-components-main/hardware-components-main/vendor/laravel/framework/src/Illuminate/Database/Eloquent/Model.php(1436): Illuminate/Database/Eloquent/Builder->__call('insertGetId', Array)
#7 C:/Users/Gergs/Documents/Codex/2026-08-10/5-5/work/hardware-components-main/hardware-components-main/vendor/laravel/framework/src/Illuminate/Database/Eloquent/Model.php(1401): Illuminate/Database/Eloquent/Model->insertAndSetId(Object(Illuminate/Database/Eloquent/Builder), Array)
#8 C:/Users/Gergs/Documents/Codex/2026-08-10/5-5/work/hardware-components-main/hardware-components-main/vendor/laravel/framework/src/Illuminate/Database/Eloquent/Model.php(1240): Illuminate/Database/Eloquent/Model->performInsert(Object(Illuminate/Database/Eloquent/Builder))
#9 C:/Users/Gergs/Documents/Codex/2026-08-10/5-5/work/hardware-components-main/hardware-components-main/vendor/laravel/framework/src/Illuminate/Database/Eloquent/Builder.php(1219): Illuminate/Database/Eloquent/Model->save()
#10 C:/Users/Gergs/Documents/Codex/2026-08-10/5-5/work/hardware-components-main/hardware-components-main/vendor/laravel/framework/src/Illuminate/Support/helpers.php(393): Illuminate/Database/Eloquent/Builder->Illuminate/Database/Eloquent/{closure}(Object(App/Models/User))
#11 C:/Users/Gergs/Documents/Codex/2026-08-10/5-5/work/hardware-components-main/hardware-components-main/vendor/laravel/framework/src/Illuminate/Database/Eloquent/Builder.php(1218): tap(Object(App/Models/User), Object(Closure))
#12 C:/Users/Gergs/Documents/Codex/2026-08-10/5-5/work/hardware-components-main/hardware-components-main/vendor/laravel/framework/src/Illuminate/Support/Traits/ForwardsCalls.php(23): Illuminate/Database/Eloquent/Builder->create(Array)
#13 C:/Users/Gergs/Documents/Codex/2026-08-10/5-5/work/hardware-components-main/hardware-components-main/vendor/laravel/framework/src/Illuminate/Database/Eloquent/Model.php(2544): Illuminate/Database/Eloquent/Model->forwardCallTo(Object(Illuminate/Database/Eloquent/Builder), 'create', Array)
#14 C:/Users/Gergs/Documents/Codex/2026-08-10/5-5/work/hardware-components-main/hardware-components-main/vendor/laravel/framework/src/Illuminate/Database/Eloquent/Model.php(2560): Illuminate/Database/Eloquent/Model->__call('create', Array)
#15 C:/Users/Gergs/Documents/Codex/2026-08-10/5-5/work/hardware-components-main/hardware-components-main/app/Http/Controllers/ShoppingController.php(226): Illuminate/Database/Eloquent/Model::__callStatic('create', Array)
#16 C:/Users/Gergs/Documents/Codex/2026-08-10/5-5/work/hardware-components-main/hardware-components-main/app/Http/Controllers/ShoppingController.php(196): App/Http/Controllers/ShoppingController->userId()
#17 C:/Users/Gergs/Documents/Codex/2026-08-10/5-5/work/hardware-components-main/hardware-components-main/vendor/laravel/framework/src/Illuminate/Routing/ControllerDispatcher.php(46): App/Http/Controllers/ShoppingController->orders()
#18 C:/Users/Gergs/Documents/Codex/2026-08-10/5-5/work/hardware-components-main/hardware-components-main/vendor/laravel/framework/src/Illuminate/Routing/Route.php(265): Illuminate/Routing/ControllerDispatcher->dispatch(Object(Illuminate/Routing/Route), Object(App/Http/Controllers/ShoppingController), 'orders')
#19 C:/Users/Gergs/Documents/Codex/2026-08-10/5-5/work/hardware-components-main/hardware-components-main/vendor/laravel/framework/src/Illuminate/Routing/Route.php(211): Illuminate/Routing/Route->runController()
#20 C:/Users/Gergs/Documents/Codex/2026-08-10/5-5/work/hardware-components-main/hardware-components-main/vendor/laravel/framework/src/Illuminate/Routing/Router.php(822): Illuminate/Routing/Route->run()
#21 C:/Users/Gergs/Documents/Codex/2026-08-10/5-5/work/hardware-components-main/hardware-components-main/vendor/laravel/framework/src/Illuminate/Pipeline/Pipeline.php(180): Illuminate/Routing/Router->Illuminate/Routing/{closure}(Object(Illuminate/Http/Request))
#22 C:/Users/Gergs/Documents/Codex/2026-08-10/5-5/work/hardware-components-main/hardware-components-main/vendor/laravel/framework/src/Illuminate/Routing/Middleware/SubstituteBindings.php(50): Illuminate/Pipeline/Pipeline->Illuminate/Pipeline/{closure}(Object(Illuminate/Http/Request))
#23 C:/Users/Gergs/Documents/Codex/2026-08-10/5-5/work/hardware-components-main/hardware-components-main/vendor/laravel/framework/src/Illuminate/Pipeline/Pipeline.php(219): Illuminate/Routing/Middleware/SubstituteBindings->handle(Object(Illuminate/Http/Request), Object(Closure))
#24 C:/Users/Gergs/Documents/Codex/2026-08-10/5-5/work/hardware-components-main/hardware-components-main/vendor/laravel/framework/src/Illuminate/Foundation/Http/Middleware/VerifyCsrfToken.php(87): Illuminate/Pipeline/Pipeline->Illuminate/Pipeline/{closure}(Object(Illuminate/Http/Request))
#25 C:/Users/Gergs/Documents/Codex/2026-08-10/5-5/work/hardware-components-main/hardware-components-main/vendor/laravel/framework/src/Illuminate/Pipeline/Pipeline.php(219): Illuminate/Foundation/Http/Middleware/VerifyCsrfToken->handle(Object(Illuminate/Http/Request), Object(Closure))
#26 C:/Users/Gergs/Documents/Codex/2026-08-10/5-5/work/hardware-components-main/hardware-components-main/vendor/laravel/framework/src/Illuminate/View/Middleware/ShareErrorsFromSession.php(48): Illuminate/Pipeline/Pipeline->Illuminate/Pipeline/{closure}(Object(Illuminate/Http/Request))
#27 C:/Users/Gergs/Documents/Codex/2026-08-10/5-5/work/hardware-components-main/hardware-components-main/vendor/laravel/framework/src/Illuminate/Pipeline/Pipeline.php(219): Illuminate/View/Middleware/ShareErrorsFromSession->handle(Object(Illuminate/Http/Request), Object(Closure))
#28 C:/Users/Gergs/Documents/Codex/2026-08-10/5-5/work/hardware-components-main/hardware-components-main/vendor/laravel/framework/src/Illuminate/Session/Middleware/StartSession.php(120): Illuminate/Pipeline/Pipeline->Illuminate/Pipeline/{closure}(Object(Illuminate/Http/Request))
#29 C:/Users/Gergs/Documents/Codex/2026-08-10/5-5/work/hardware-components-main/hardware-components-main/vendor/laravel/framework/src/Illuminate/Session/Middleware/StartSession.php(63): Illuminate/Session/Middleware/StartSession->handleStatefulRequest(Object(Illuminate/Http/Request), Object(Illuminate/Session/Store), Object(Closure))
#30 C:/Users/Gergs/Documents/Codex/2026-08-10/5-5/work/hardware-components-main/hardware-components-main/vendor/laravel/framework/src/Illuminate/Pipeline/Pipeline.php(219): Illuminate/Session/Middleware/StartSession->handle(Object(Illuminate/Http/Request), Object(Closure))
#31 C:/Users/Gergs/Documents/Codex/2026-08-10/5-5/work/hardware-components-main/hardware-components-main/vendor/laravel/framework/src/Illuminate/Cookie/Middleware/AddQueuedCookiesToResponse.php(36): Illuminate/Pipeline/Pipeline->Illuminate/Pipeline/{closure}(Object(Illuminate/Http/Request))
#32 C:/Users/Gergs/Documents/Codex/2026-08-10/5-5/work/hardware-components-main/hardware-components-main/vendor/laravel/framework/src/Illuminate/Pipeline/Pipeline.php(219): Illuminate/Cookie/Middleware/AddQueuedCookiesToResponse->handle(Object(Illuminate/Http/Request), Object(Closure))
#33 C:/Users/Gergs/Documents/Codex/2026-08-10/5-5/work/hardware-components-main/hardware-components-main/vendor/laravel/framework/src/Illuminate/Cookie/Middleware/EncryptCookies.php(74): Illuminate/Pipeline/Pipeline->Illuminate/Pipeline/{closure}(Object(Illuminate/Http/Request))
#34 C:/Users/Gergs/Documents/Codex/2026-08-10/5-5/work/hardware-components-main/hardware-components-main/vendor/laravel/framework/src/Illuminate/Pipeline/Pipeline.php(219): Illuminate/Cookie/Middleware/EncryptCookies->handle(Object(Illuminate/Http/Request), Object(Closure))
#35 C:/Users/Gergs/Documents/Codex/2026-08-10/5-5/work/hardware-components-main/hardware-components-main/vendor/laravel/framework/src/Illuminate/Pipeline/Pipeline.php(137): Illuminate/Pipeline/Pipeline->Illuminate/Pipeline/{closure}(Object(Illuminate/Http/Request))
#36 C:/Users/Gergs/Documents/Codex/2026-08-10/5-5/work/hardware-components-main/hardware-components-main/vendor/laravel/framework/src/Illuminate/Routing/Router.php(821): Illuminate/Pipeline/Pipeline->then(Object(Closure))
#37 C:/Users/Gergs/Documents/Codex/2026-08-10/5-5/work/hardware-components-main/hardware-components-main/vendor/laravel/framework/src/Illuminate/Routing/Router.php(800): Illuminate/Routing/Router->runRouteWithinStack(Object(Illuminate/Routing/Route), Object(Illuminate/Http/Request))
#38 C:/Users/Gergs/Documents/Codex/2026-08-10/5-5/work/hardware-components-main/hardware-components-main/vendor/laravel/framework/src/Illuminate/Routing/Router.php(764): Illuminate/Routing/Router->runRoute(Object(Illuminate/Http/Request), Object(Illuminate/Routing/Route))
#39 C:/Users/Gergs/Documents/Codex/2026-08-10/5-5/work/hardware-components-main/hardware-components-main/vendor/laravel/framework/src/Illuminate/Routing/Router.php(753): Illuminate/Routing/Router->dispatchToRoute(Object(Illuminate/Http/Request))
#40 C:/Users/Gergs/Documents/Codex/2026-08-10/5-5/work/hardware-components-main/hardware-components-main/vendor/laravel/framework/src/Illuminate/Foundation/Http/Kernel.php(200): Illuminate/Routing/Router->dispatch(Object(Illuminate/Http/Request))
#41 C:/Users/Gergs/Documents/Codex/2026-08-10/5-5/work/hardware-components-main/hardware-components-main/vendor/laravel/framework/src/Illuminate/Pipeline/Pipeline.php(180): Illuminate/Foundation/Http/Kernel->Illuminate/Foundation/Http/{closure}(Object(Illuminate/Http/Request))
#42 C:/Users/Gergs/Documents/Codex/2026-08-10/5-5/work/hardware-components-main/hardware-components-main/vendor/laravel/framework/src/Illuminate/Foundation/Http/Middleware/TransformsRequest.php(21): Illuminate/Pipeline/Pipeline->Illuminate/Pipeline/{closure}(Object(Illuminate/Http/Request))
#43 C:/Users/Gergs/Documents/Codex/2026-08-10/5-5/work/hardware-components-main/hardware-components-main/vendor/laravel/framework/src/Illuminate/Foundation/Http/Middleware/ConvertEmptyStringsToNull.php(31): Illuminate/Foundation/Http/Middleware/TransformsRequest->handle(Object(Illuminate/Http/Request), Object(Closure))
#44 C:/Users/Gergs/Documents/Codex/2026-08-10/5-5/work/hardware-components-main/hardware-components-main/vendor/laravel/framework/src/Illuminate/Pipeline/Pipeline.php(219): Illuminate/Foundation/Http/Middleware/ConvertEmptyStringsToNull->handle(Object(Illuminate/Http/Request), Object(Closure))
#45 C:/Users/Gergs/Documents/Codex/2026-08-10/5-5/work/hardware-components-main/hardware-components-main/vendor/laravel/framework/src/Illuminate/Foundation/Http/Middleware/TransformsRequest.php(21): Illuminate/Pipeline/Pipeline->Illuminate/Pipeline/{closure}(Object(Illuminate/Http/Request))
#46 C:/Users/Gergs/Documents/Codex/2026-08-10/5-5/work/hardware-components-main/hardware-components-main/vendor/laravel/framework/src/Illuminate/Foundation/Http/Middleware/TrimStrings.php(51): Illuminate/Foundation/Http/Middleware/TransformsRequest->handle(Object(Illuminate/Http/Request), Object(Closure))
#47 C:/Users/Gergs/Documents/Codex/2026-08-10/5-5/work/hardware-components-main/hardware-components-main/vendor/laravel/framework/src/Illuminate/Pipeline/Pipeline.php(219): Illuminate/Foundation/Http/Middleware/TrimStrings->handle(Object(Illuminate/Http/Request), Object(Closure))
#48 C:/Users/Gergs/Documents/Codex/2026-08-10/5-5/work/hardware-components-main/hardware-components-main/vendor/laravel/framework/src/Illuminate/Http/Middleware/ValidatePostSize.php(27): Illuminate/Pipeline/Pipeline->Illuminate/Pipeline/{closure}(Object(Illuminate/Http/Request))
#49 C:/Users/Gergs/Documents/Codex/2026-08-10/5-5/work/hardware-components-main/hardware-components-main/vendor/laravel/framework/src/Illuminate/Pipeline/Pipeline.php(219): Illuminate/Http/Middleware/ValidatePostSize->handle(Object(Illuminate/Http/Request), Object(Closure))
#50 C:/Users/Gergs/Documents/Codex/2026-08-10/5-5/work/hardware-components-main/hardware-components-main/vendor/laravel/framework/src/Illuminate/Foundation/Http/Middleware/PreventRequestsDuringMaintenance.php(109): Illuminate/Pipeline/Pipeline->Illuminate/Pipeline/{closure}(Object(Illuminate/Http/Request))
#51 C:/Users/Gergs/Documents/Codex/2026-08-10/5-5/work/hardware-components-main/hardware-components-main/vendor/laravel/framework/src/Illuminate/Pipeline/Pipeline.php(219): Illuminate/Foundation/Http/Middleware/PreventRequestsDuringMaintenance->handle(Object(Illuminate/Http/Request), Object(Closure))
#52 C:/Users/Gergs/Documents/Codex/2026-08-10/5-5/work/hardware-components-main/hardware-components-main/vendor/laravel/framework/src/Illuminate/Http/Middleware/HandleCors.php(61): Illuminate/Pipeline/Pipeline->Illuminate/Pipeline/{closure}(Object(Illuminate/Http/Request))
#53 C:/Users/Gergs/Documents/Codex/2026-08-10/5-5/work/hardware-components-main/hardware-components-main/vendor/laravel/framework/src/Illuminate/Pipeline/Pipeline.php(219): Illuminate/Http/Middleware/HandleCors->handle(Object(Illuminate/Http/Request), Object(Closure))
#54 C:/Users/Gergs/Documents/Codex/2026-08-10/5-5/work/hardware-components-main/hardware-components-main/vendor/laravel/framework/src/Illuminate/Http/Middleware/TrustProxies.php(58): Illuminate/Pipeline/Pipeline->Illuminate/Pipeline/{closure}(Object(Illuminate/Http/Request))
#55 C:/Users/Gergs/Documents/Codex/2026-08-10/5-5/work/hardware-components-main/hardware-components-main/vendor/laravel/framework/src/Illuminate/Pipeline/Pipeline.php(219): Illuminate/Http/Middleware/TrustProxies->handle(Object(Illuminate/Http/Request), Object(Closure))
#56 C:/Users/Gergs/Documents/Codex/2026-08-10/5-5/work/hardware-components-main/hardware-components-main/vendor/laravel/framework/src/Illuminate/Foundation/Http/Middleware/InvokeDeferredCallbacks.php(22): Illuminate/Pipeline/Pipeline->Illuminate/Pipeline/{closure}(Object(Illuminate/Http/Request))
#57 C:/Users/Gergs/Documents/Codex/2026-08-10/5-5/work/hardware-components-main/hardware-components-main/vendor/laravel/framework/src/Illuminate/Pipeline/Pipeline.php(219): Illuminate/Foundation/Http/Middleware/InvokeDeferredCallbacks->handle(Object(Illuminate/Http/Request), Object(Closure))
#58 C:/Users/Gergs/Documents/Codex/2026-08-10/5-5/work/hardware-components-main/hardware-components-main/vendor/laravel/framework/src/Illuminate/Http/Middleware/ValidatePathEncoding.php(26): Illuminate/Pipeline/Pipeline->Illuminate/Pipeline/{closure}(Object(Illuminate/Http/Request))
#59 C:/Users/Gergs/Documents/Codex/2026-08-10/5-5/work/hardware-components-main/hardware-components-main/vendor/laravel/framework/src/Illuminate/Pipeline/Pipeline.php(219): Illuminate/Http/Middleware/ValidatePathEncoding->handle(Object(Illuminate/Http/Request), Object(Closure))
#60 C:/Users/Gergs/Documents/Codex/2026-08-10/5-5/work/hardware-components-main/hardware-components-main/vendor/laravel/framework/src/Illuminate/Pipeline/Pipeline.php(137): Illuminate/Pipeline/Pipeline->Illuminate/Pipeline/{closure}(Object(Illuminate/Http/Request))
#61 C:/Users/Gergs/Documents/Codex/2026-08-10/5-5/work/hardware-components-main/hardware-components-main/vendor/laravel/framework/src/Illuminate/Foundation/Http/Kernel.php(175): Illuminate/Pipeline/Pipeline->then(Object(Closure))
#62 C:/Users/Gergs/Documents/Codex/2026-08-10/5-5/work/hardware-components-main/hardware-components-main/vendor/laravel/framework/src/Illuminate/Foundation/Http/Kernel.php(144): Illuminate/Foundation/Http/Kernel->sendRequestThroughRouter(Object(Illuminate/Http/Request))
#63 C:/Users/Gergs/Documents/Codex/2026-08-10/5-5/work/hardware-components-main/hardware-components-main/vendor/laravel/framework/src/Illuminate/Foundation/Application.php(1220): Illuminate/Foundation/Http/Kernel->handle(Object(Illuminate/Http/Request))
#64 C:/Users/Gergs/Documents/Codex/2026-08-10/5-5/work/hardware-components-main/hardware-components-main/public/index.php(20): Illuminate/Foundation/Application->handleRequest(Object(Illuminate/Http/Request))
#65 C:/Users/Gergs/Documents/Codex/2026-08-10/5-5/work/hardware-components-main/hardware-components-main/vendor/laravel/framework/src/Illuminate/Foundation/resources/server.php(23): require_once('C://Users//Gergs//...')
#66 {main}

[previous exception] [object] (PDOException(code: 23000): SQLSTATE[23000]: Integrity constraint violation: 19 NOT NULL constraint failed: users.first_name at C:/Users/Gergs/Documents/Codex/2026-08-10/5-5/work/hardware-components-main/hardware-components-main/vendor/laravel/framework/src/Illuminate/Database/Connection.php:584)
[stacktrace]
#0 C:/Users/Gergs/Documents/Codex/2026-08-10/5-5/work/hardware-components-main/hardware-components-main/vendor/laravel/framework/src/Illuminate/Database/Connection.php(584): PDOStatement->execute()
#1 C:/Users/Gergs/Documents/Codex/2026-08-10/5-5/work/hardware-components-main/hardware-components-main/vendor/laravel/framework/src/Illuminate/Database/Connection.php(827): Illuminate/Database/Connection->Illuminate/Database/{closure}('insert into \"us...', Array)
#2 C:/Users/Gergs/Documents/Codex/2026-08-10/5-5/work/hardware-components-main/hardware-components-main/vendor/laravel/framework/src/Illuminate/Database/Connection.php(794): Illuminate/Database/Connection->runQueryCallback('insert into \"us...', Array, Object(Closure))
#3 C:/Users/Gergs/Documents/Codex/2026-08-10/5-5/work/hardware-components-main/hardware-components-main/vendor/laravel/framework/src/Illuminate/Database/Connection.php(573): Illuminate/Database/Connection->run('insert into \"us...', Array, Object(Closure))
#4 C:/Users/Gergs/Documents/Codex/2026-08-10/5-5/work/hardware-components-main/hardware-components-main/vendor/laravel/framework/src/Illuminate/Database/Connection.php(537): Illuminate/Database/Connection->statement('insert into \"us...', Array)
#5 C:/Users/Gergs/Documents/Codex/2026-08-10/5-5/work/hardware-components-main/hardware-components-main/vendor/laravel/framework/src/Illuminate/Database/Query/Processors/Processor.php(32): Illuminate/Database/Connection->insert('insert into \"us...', Array)
#6 C:/Users/Gergs/Documents/Codex/2026-08-10/5-5/work/hardware-components-main/hardware-components-main/vendor/laravel/framework/src/Illuminate/Database/Query/Builder.php(4170): Illuminate/Database/Query/Processors/Processor->processInsertGetId(Object(Illuminate/Database/Query/Builder), 'insert into \"us...', Array, 'id')
#7 C:/Users/Gergs/Documents/Codex/2026-08-10/5-5/work/hardware-components-main/hardware-components-main/vendor/laravel/framework/src/Illuminate/Database/Eloquent/Builder.php(2237): Illuminate/Database/Query/Builder->insertGetId(Array, 'id')
#8 C:/Users/Gergs/Documents/Codex/2026-08-10/5-5/work/hardware-components-main/hardware-components-main/vendor/laravel/framework/src/Illuminate/Database/Eloquent/Model.php(1436): Illuminate/Database/Eloquent/Builder->__call('insertGetId', Array)
#9 C:/Users/Gergs/Documents/Codex/2026-08-10/5-5/work/hardware-components-main/hardware-components-main/vendor/laravel/framework/src/Illuminate/Database/Eloquent/Model.php(1401): Illuminate/Database/Eloquent/Model->insertAndSetId(Object(Illuminate/Database/Eloquent/Builder), Array)
#10 C:/Users/Gergs/Documents/Codex/2026-08-10/5-5/work/hardware-components-main/hardware-components-main/vendor/laravel/framework/src/Illuminate/Database/Eloquent/Model.php(1240): Illuminate/Database/Eloquent/Model->performInsert(Object(Illuminate/Database/Eloquent/Builder))
#11 C:/Users/Gergs/Documents/Codex/2026-08-10/5-5/work/hardware-components-main/hardware-components-main/vendor/laravel/framework/src/Illuminate/Database/Eloquent/Builder.php(1219): Illuminate/Database/Eloquent/Model->save()
#12 C:/Users/Gergs/Documents/Codex/2026-08-10/5-5/work/hardware-components-main/hardware-components-main/vendor/laravel/framework/src/Illuminate/Support/helpers.php(393): Illuminate/Database/Eloquent/Builder->Illuminate/Database/Eloquent/{closure}(Object(App/Models/User))
#13 C:/Users/Gergs/Documents/Codex/2026-08-10/5-5/work/hardware-components-main/hardware-components-main/vendor/laravel/framework/src/Illuminate/Database/Eloquent/Builder.php(1218): tap(Object(App/Models/User), Object(Closure))
#14 C:/Users/Gergs/Documents/Codex/2026-08-10/5-5/work/hardware-components-main/hardware-components-main/vendor/laravel/framework/src/Illuminate/Support/Traits/ForwardsCalls.php(23): Illuminate/Database/Eloquent/Builder->create(Array)
#15 C:/Users/Gergs/Documents/Codex/2026-08-10/5-5/work/hardware-components-main/hardware-components-main/vendor/laravel/framework/src/Illuminate/Database/Eloquent/Model.php(2544): Illuminate/Database/Eloquent/Model->forwardCallTo(Object(Illuminate/Database/Eloquent/Builder), 'create', Array)
#16 C:/Users/Gergs/Documents/Codex/2026-08-10/5-5/work/hardware-components-main/hardware-components-main/vendor/laravel/framework/src/Illuminate/Database/Eloquent/Model.php(2560): Illuminate/Database/Eloquent/Model->__call('create', Array)
#17 C:/Users/Gergs/Documents/Codex/2026-08-10/5-5/work/hardware-components-main/hardware-components-main/app/Http/Controllers/ShoppingController.php(226): Illuminate/Database/Eloquent/Model::__callStatic('create', Array)
#18 C:/Users/Gergs/Documents/Codex/2026-08-10/5-5/work/hardware-components-main/hardware-components-main/app/Http/Controllers/ShoppingController.php(196): App/Http/Controllers/ShoppingController->userId()
#19 C:/Users/Gergs/Documents/Codex/2026-08-10/5-5/work/hardware-components-main/hardware-components-main/vendor/laravel/framework/src/Illuminate/Routing/ControllerDispatcher.php(46): App/Http/Controllers/ShoppingController->orders()
#20 C:/Users/Gergs/Documents/Codex/2026-08-10/5-5/work/hardware-components-main/hardware-components-main/vendor/laravel/framework/src/Illuminate/Routing/Route.php(265): Illuminate/Routing/ControllerDispatcher->dispatch(Object(Illuminate/Routing/Route), Object(App/Http/Controllers/ShoppingController), 'orders')
#21 C:/Users/Gergs/Documents/Codex/2026-08-10/5-5/work/hardware-components-main/hardware-components-main/vendor/laravel/framework/src/Illuminate/Routing/Route.php(211): Illuminate/Routing/Route->runController()
#22 C:/Users/Gergs/Documents/Codex/2026-08-10/5-5/work/hardware-components-main/hardware-components-main/vendor/laravel/framework/src/Illuminate/Routing/Router.php(822): Illuminate/Routing/Route->run()
#23 C:/Users/Gergs/Documents/Codex/2026-08-10/5-5/work/hardware-components-main/hardware-components-main/vendor/laravel/framework/src/Illuminate/Pipeline/Pipeline.php(180): Illuminate/Routing/Router->Illuminate/Routing/{closure}(Object(Illuminate/Http/Request))
#24 C:/Users/Gergs/Documents/Codex/2026-08-10/5-5/work/hardware-components-main/hardware-components-main/vendor/laravel/framework/src/Illuminate/Routing/Middleware/SubstituteBindings.php(50): Illuminate/Pipeline/Pipeline->Illuminate/Pipeline/{closure}(Object(Illuminate/Http/Request))
#25 C:/Users/Gergs/Documents/Codex/2026-08-10/5-5/work/hardware-components-main/hardware-components-main/vendor/laravel/framework/src/Illuminate/Pipeline/Pipeline.php(219): Illuminate/Routing/Middleware/SubstituteBindings->handle(Object(Illuminate/Http/Request), Object(Closure))
#26 C:/Users/Gergs/Documents/Codex/2026-08-10/5-5/work/hardware-components-main/hardware-components-main/vendor/laravel/framework/src/Illuminate/Foundation/Http/Middleware/VerifyCsrfToken.php(87): Illuminate/Pipeline/Pipeline->Illuminate/Pipeline/{closure}(Object(Illuminate/Http/Request))
#27 C:/Users/Gergs/Documents/Codex/2026-08-10/5-5/work/hardware-components-main/hardware-components-main/vendor/laravel/framework/src/Illuminate/Pipeline/Pipeline.php(219): Illuminate/Foundation/Http/Middleware/VerifyCsrfToken->handle(Object(Illuminate/Http/Request), Object(Closure))
#28 C:/Users/Gergs/Documents/Codex/2026-08-10/5-5/work/hardware-components-main/hardware-components-main/vendor/laravel/framework/src/Illuminate/View/Middleware/ShareErrorsFromSession.php(48): Illuminate/Pipeline/Pipeline->Illuminate/Pipeline/{closure}(Object(Illuminate/Http/Request))
#29 C:/Users/Gergs/Documents/Codex/2026-08-10/5-5/work/hardware-components-main/hardware-components-main/vendor/laravel/framework/src/Illuminate/Pipeline/Pipeline.php(219): Illuminate/View/Middleware/ShareErrorsFromSession->handle(Object(Illuminate/Http/Request), Object(Closure))
#30 C:/Users/Gergs/Documents/Codex/2026-08-10/5-5/work/hardware-components-main/hardware-components-main/vendor/laravel/framework/src/Illuminate/Session/Middleware/StartSession.php(120): Illuminate/Pipeline/Pipeline->Illuminate/Pipeline/{closure}(Object(Illuminate/Http/Request))
#31 C:/Users/Gergs/Documents/Codex/2026-08-10/5-5/work/hardware-components-main/hardware-components-main/vendor/laravel/framework/src/Illuminate/Session/Middleware/StartSession.php(63): Illuminate/Session/Middleware/StartSession->handleStatefulRequest(Object(Illuminate/Http/Request), Object(Illuminate/Session/Store), Object(Closure))
#32 C:/Users/Gergs/Documents/Codex/2026-08-10/5-5/work/hardware-components-main/hardware-components-main/vendor/laravel/framework/src/Illuminate/Pipeline/Pipeline.php(219): Illuminate/Session/Middleware/StartSession->handle(Object(Illuminate/Http/Request), Object(Closure))
#33 C:/Users/Gergs/Documents/Codex/2026-08-10/5-5/work/hardware-components-main/hardware-components-main/vendor/laravel/framework/src/Illuminate/Cookie/Middleware/AddQueuedCookiesToResponse.php(36): Illuminate/Pipeline/Pipeline->Illuminate/Pipeline/{closure}(Object(Illuminate/Http/Request))
#34 C:/Users/Gergs/Documents/Codex/2026-08-10/5-5/work/hardware-components-main/hardware-components-main/vendor/laravel/framework/src/Illuminate/Pipeline/Pipeline.php(219): Illuminate/Cookie/Middleware/AddQueuedCookiesToResponse->handle(Object(Illuminate/Http/Request), Object(Closure))
#35 C:/Users/Gergs/Documents/Codex/2026-08-10/5-5/work/hardware-components-main/hardware-components-main/vendor/laravel/framework/src/Illuminate/Cookie/Middleware/EncryptCookies.php(74): Illuminate/Pipeline/Pipeline->Illuminate/Pipeline/{closure}(Object(Illuminate/Http/Request))
#36 C:/Users/Gergs/Documents/Codex/2026-08-10/5-5/work/hardware-components-main/hardware-components-main/vendor/laravel/framework/src/Illuminate/Pipeline/Pipeline.php(219): Illuminate/Cookie/Middleware/EncryptCookies->handle(Object(Illuminate/Http/Request), Object(Closure))
#37 C:/Users/Gergs/Documents/Codex/2026-08-10/5-5/work/hardware-components-main/hardware-components-main/vendor/laravel/framework/src/Illuminate/Pipeline/Pipeline.php(137): Illuminate/Pipeline/Pipeline->Illuminate/Pipeline/{closure}(Object(Illuminate/Http/Request))
#38 C:/Users/Gergs/Documents/Codex/2026-08-10/5-5/work/hardware-components-main/hardware-components-main/vendor/laravel/framework/src/Illuminate/Routing/Router.php(821): Illuminate/Pipeline/Pipeline->then(Object(Closure))
#39 C:/Users/Gergs/Documents/Codex/2026-08-10/5-5/work/hardware-components-main/hardware-components-main/vendor/laravel/framework/src/Illuminate/Routing/Router.php(800): Illuminate/Routing/Router->runRouteWithinStack(Object(Illuminate/Routing/Route), Object(Illuminate/Http/Request))
#40 C:/Users/Gergs/Documents/Codex/2026-08-10/5-5/work/hardware-components-main/hardware-components-main/vendor/laravel/framework/src/Illuminate/Routing/Router.php(764): Illuminate/Routing/Router->runRoute(Object(Illuminate/Http/Request), Object(Illuminate/Routing/Route))
#41 C:/Users/Gergs/Documents/Codex/2026-08-10/5-5/work/hardware-components-main/hardware-components-main/vendor/laravel/framework/src/Illuminate/Routing/Router.php(753): Illuminate/Routing/Router->dispatchToRoute(Object(Illuminate/Http/Request))
#42 C:/Users/Gergs/Documents/Codex/2026-08-10/5-5/work/hardware-components-main/hardware-components-main/vendor/laravel/framework/src/Illuminate/Foundation/Http/Kernel.php(200): Illuminate/Routing/Router->dispatch(Object(Illuminate/Http/Request))
#43 C:/Users/Gergs/Documents/Codex/2026-08-10/5-5/work/hardware-components-main/hardware-components-main/vendor/laravel/framework/src/Illuminate/Pipeline/Pipeline.php(180): Illuminate/Foundation/Http/Kernel->Illuminate/Foundation/Http/{closure}(Object(Illuminate/Http/Request))
#44 C:/Users/Gergs/Documents/Codex/2026-08-10/5-5/work/hardware-components-main/hardware-components-main/vendor/laravel/framework/src/Illuminate/Foundation/Http/Middleware/TransformsRequest.php(21): Illuminate/Pipeline/Pipeline->Illuminate/Pipeline/{closure}(Object(Illuminate/Http/Request))
#45 C:/Users/Gergs/Documents/Codex/2026-08-10/5-5/work/hardware-components-main/hardware-components-main/vendor/laravel/framework/src/Illuminate/Foundation/Http/Middleware/ConvertEmptyStringsToNull.php(31): Illuminate/Foundation/Http/Middleware/TransformsRequest->handle(Object(Illuminate/Http/Request), Object(Closure))
#46 C:/Users/Gergs/Documents/Codex/2026-08-10/5-5/work/hardware-components-main/hardware-components-main/vendor/laravel/framework/src/Illuminate/Pipeline/Pipeline.php(219): Illuminate/Foundation/Http/Middleware/ConvertEmptyStringsToNull->handle(Object(Illuminate/Http/Request), Object(Closure))
#47 C:/Users/Gergs/Documents/Codex/2026-08-10/5-5/work/hardware-components-main/hardware-components-main/vendor/laravel/framework/src/Illuminate/Foundation/Http/Middleware/TransformsRequest.php(21): Illuminate/Pipeline/Pipeline->Illuminate/Pipeline/{closure}(Object(Illuminate/Http/Request))
#48 C:/Users/Gergs/Documents/Codex/2026-08-10/5-5/work/hardware-components-main/hardware-components-main/vendor/laravel/framework/src/Illuminate/Foundation/Http/Middleware/TrimStrings.php(51): Illuminate/Foundation/Http/Middleware/TransformsRequest->handle(Object(Illuminate/Http/Request), Object(Closure))
#49 C:/Users/Gergs/Documents/Codex/2026-08-10/5-5/work/hardware-components-main/hardware-components-main/vendor/laravel/framework/src/Illuminate/Pipeline/Pipeline.php(219): Illuminate/Foundation/Http/Middleware/TrimStrings->handle(Object(Illuminate/Http/Request), Object(Closure))
#50 C:/Users/Gergs/Documents/Codex/2026-08-10/5-5/work/hardware-components-main/hardware-components-main/vendor/laravel/framework/src/Illuminate/Http/Middleware/ValidatePostSize.php(27): Illuminate/Pipeline/Pipeline->Illuminate/Pipeline/{closure}(Object(Illuminate/Http/Request))
#51 C:/Users/Gergs/Documents/Codex/2026-08-10/5-5/work/hardware-components-main/hardware-components-main/vendor/laravel/framework/src/Illuminate/Pipeline/Pipeline.php(219): Illuminate/Http/Middleware/ValidatePostSize->handle(Object(Illuminate/Http/Request), Object(Closure))
#52 C:/Users/Gergs/Documents/Codex/2026-08-10/5-5/work/hardware-components-main/hardware-components-main/vendor/laravel/framework/src/Illuminate/Foundation/Http/Middleware/PreventRequestsDuringMaintenance.php(109): Illuminate/Pipeline/Pipeline->Illuminate/Pipeline/{closure}(Object(Illuminate/Http/Request))
#53 C:/Users/Gergs/Documents/Codex/2026-08-10/5-5/work/hardware-components-main/hardware-components-main/vendor/laravel/framework/src/Illuminate/Pipeline/Pipeline.php(219): Illuminate/Foundation/Http/Middleware/PreventRequestsDuringMaintenance->handle(Object(Illuminate/Http/Request), Object(Closure))
#54 C:/Users/Gergs/Documents/Codex/2026-08-10/5-5/work/hardware-components-main/hardware-components-main/vendor/laravel/framework/src/Illuminate/Http/Middleware/HandleCors.php(61): Illuminate/Pipeline/Pipeline->Illuminate/Pipeline/{closure}(Object(Illuminate/Http/Request))
#55 C:/Users/Gergs/Documents/Codex/2026-08-10/5-5/work/hardware-components-main/hardware-components-main/vendor/laravel/framework/src/Illuminate/Pipeline/Pipeline.php(219): Illuminate/Http/Middleware/HandleCors->handle(Object(Illuminate/Http/Request), Object(Closure))
#56 C:/Users/Gergs/Documents/Codex/2026-08-10/5-5/work/hardware-components-main/hardware-components-main/vendor/laravel/framework/src/Illuminate/Http/Middleware/TrustProxies.php(58): Illuminate/Pipeline/Pipeline->Illuminate/Pipeline/{closure}(Object(Illuminate/Http/Request))
#57 C:/Users/Gergs/Documents/Codex/2026-08-10/5-5/work/hardware-components-main/hardware-components-main/vendor/laravel/framework/src/Illuminate/Pipeline/Pipeline.php(219): Illuminate/Http/Middleware/TrustProxies->handle(Object(Illuminate/Http/Request), Object(Closure))
#58 C:/Users/Gergs/Documents/Codex/2026-08-10/5-5/work/hardware-components-main/hardware-components-main/vendor/laravel/framework/src/Illuminate/Foundation/Http/Middleware/InvokeDeferredCallbacks.php(22): Illuminate/Pipeline/Pipeline->Illuminate/Pipeline/{closure}(Object(Illuminate/Http/Request))
#59 C:/Users/Gergs/Documents/Codex/2026-08-10/5-5/work/hardware-components-main/hardware-components-main/vendor/laravel/framework/src/Illuminate/Pipeline/Pipeline.php(219): Illuminate/Foundation/Http/Middleware/InvokeDeferredCallbacks->handle(Object(Illuminate/Http/Request), Object(Closure))
#60 C:/Users/Gergs/Documents/Codex/2026-08-10/5-5/work/hardware-components-main/hardware-components-main/vendor/laravel/framework/src/Illuminate/Http/Middleware/ValidatePathEncoding.php(26): Illuminate/Pipeline/Pipeline->Illuminate/Pipeline/{closure}(Object(Illuminate/Http/Request))
#61 C:/Users/Gergs/Documents/Codex/2026-08-10/5-5/work/hardware-components-main/hardware-components-main/vendor/laravel/framework/src/Illuminate/Pipeline/Pipeline.php(219): Illuminate/Http/Middleware/ValidatePathEncoding->handle(Object(Illuminate/Http/Request), Object(Closure))
#62 C:/Users/Gergs/Documents/Codex/2026-08-10/5-5/work/hardware-components-main/hardware-components-main/vendor/laravel/framework/src/Illuminate/Pipeline/Pipeline.php(137): Illuminate/Pipeline/Pipeline->Illuminate/Pipeline/{closure}(Object(Illuminate/Http/Request))
#63 C:/Users/Gergs/Documents/Codex/2026-08-10/5-5/work/hardware-components-main/hardware-components-main/vendor/laravel/framework/src/Illuminate/Foundation/Http/Kernel.php(175): Illuminate/Pipeline/Pipeline->then(Object(Closure))
#64 C:/Users/Gergs/Documents/Codex/2026-08-10/5-5/work/hardware-components-main/hardware-components-main/vendor/laravel/framework/src/Illuminate/Foundation/Http/Kernel.php(144): Illuminate/Foundation/Http/Kernel->sendRequestThroughRouter(Object(Illuminate/Http/Request))
#65 C:/Users/Gergs/Documents/Codex/2026-08-10/5-5/work/hardware-components-main/hardware-components-main/vendor/laravel/framework/src/Illuminate/Foundation/Application.php(1220): Illuminate/Foundation/Http/Kernel->handle(Object(Illuminate/Http/Request))
#66 C:/Users/Gergs/Documents/Codex/2026-08-10/5-5/work/hardware-components-main/hardware-components-main/public/index.php(20): Illuminate/Foundation/Application->handleRequest(Object(Illuminate/Http/Request))
#67 C:/Users/Gergs/Documents/Codex/2026-08-10/5-5/work/hardware-components-main/hardware-components-main/vendor/laravel/framework/src/Illuminate/Foundation/resources/server.php(23): require_once('C://Users//Gergs//...')
#68 {main}
"} 
